Workbook

Sheet BACKUP COUNTS
A1: Date | B1: Route | C1: Block | D1: Time | E1: Count | F1: Increment | G1: Hour | H1: Minute | I1: Error?
F2: =IF($A2="","",$E2) | G2: =IF($A2="","",HOUR($D2)) | H2: =IF($A2="","",MINUTE($D2))
F3: =IF($A3="","",$E3-_xlfn.MAXIFS($E2:$E$2,$C2:$C$2,$C3,$A2:$A$2,$A3)) | G3: =IF($A3="","",HOUR($D3)) | H3: =IF($A3="","",MINUTE($D3)) | I3: =IF($F3<0,"ERROR","")
F4: =IF($A4="","",$E4-_xlfn.MAXIFS($E$2:$E3,$C$2:$C3,$C4,$A$2:$A3,$A4)) | G4: =IF($A4="","",HOUR($D4)) | H4: =IF($A4="","",MINUTE($D4)) | I4: =IF($F4<0,"ERROR","")
F5: =IF($A5="","",$E5-_xlfn.MAXIFS($E$2:$E4,$C$2:$C4,$C5,$A$2:$A4,$A5)) | G5: =IF($A5="","",HOUR($D5)) | H5: =IF($A5="","",MINUTE($D5)) | I5: =IF($F5<0,"ERROR","")
F6: =IF($A6="","",$E6-_xlfn.MAXIFS($E$2:$E5,$C$2:$C5,$C6,$A$2:$A5,$A6)) | G6: =IF($A6="","",HOUR($D6)) | H6: =IF($A6="","",MINUTE($D6)) | I6: =IF($F6<0,"ERROR","")
F7: =IF($A7="","",$E7-_xlfn.MAXIFS($E$2:$E6,$C$2:$C6,$C7,$A$2:$A6,$A7)) | G7: =IF($A7="","",HOUR($D7)) | H7: =IF($A7="","",MINUTE($D7)) | I7: =IF($F7<0,"ERROR","")
F8: =IF($A8="","",$E8-_xlfn.MAXIFS($E$2:$E7,$C$2:$C7,$C8,$A$2:$A7,$A8)) | G8: =IF($A8="","",HOUR($D8)) | H8: =IF($A8="","",MINUTE($D8)) | I8: =IF($F8<0,"ERROR","")
F9: =IF($A9="","",$E9-_xlfn.MAXIFS($E$2:$E8,$C$2:$C8,$C9,$A$2:$A8,$A9)) | G9: =IF($A9="","",HOUR($D9)) | H9: =IF($A9="","",MINUTE($D9)) | I9: =IF($F9<0,"ERROR","")
F10: =IF($A10="","",$E10-_xlfn.MAXIFS($E$2:$E9,$C$2:$C9,$C10,$A$2:$A9,$A10)) | G10: =IF($A10="","",HOUR($D10)) | H10: =IF($A10="","",MINUTE($D10)) | I10: =IF($F10<0,"ERROR","")
F11: =IF($A11="","",$E11-_xlfn.MAXIFS($E$2:$E10,$C$2:$C10,$C11,$A$2:$A10,$A11)) | G11: =IF($A11="","",HOUR($D11)) | H11: =IF($A11="","",MINUTE($D11)) | I11: =IF($F11<0,"ERROR","")
F12: =IF($A12="","",$E12-_xlfn.MAXIFS($E$2:$E11,$C$2:$C11,$C12,$A$2:$A11,$A12)) | G12: =IF($A12="","",HOUR($D12)) | H12: =IF($A12="","",MINUTE($D12)) | I12: =IF($F12<0,"ERROR","")
F13: =IF($A13="","",$E13-_xlfn.MAXIFS($E$2:$E12,$C$2:$C12,$C13,$A$2:$A12,$A13)) | G13: =IF($A13="","",HOUR($D13)) | H13: =IF($A13="","",MINUTE($D13)) | I13: =IF($F13<0,"ERROR","")
F14: =IF($A14="","",$E14-_xlfn.MAXIFS($E$2:$E13,$C$2:$C13,$C14,$A$2:$A13,$A14)) | G14: =IF($A14="","",HOUR($D14)) | H14: =IF($A14="","",MINUTE($D14)) | I14: =IF($F14<0,"ERROR","")
F15: =IF($A15="","",$E15-_xlfn.MAXIFS($E$2:$E14,$C$2:$C14,$C15,$A$2:$A14,$A15)) | G15: =IF($A15="","",HOUR($D15)) | H15: =IF($A15="","",MINUTE($D15)) | I15: =IF($F15<0,"ERROR","")
... F377: =IF($A377="","",$E377-_xlfn.MAXIFS($E$2:$E376,$C$2:$C376,$C377,$A$2:$A376,$A377)) | G377: =IF($A377="","",HOUR($D377)) | H377: =IF($A377="","",MINUTE($D377)) | I377: =IF($F377<0,"ERROR","")
F378: 18 | G378: =IF($A378="","",HOUR($D378)) | H378: =IF($A378="","",MINUTE($D378)) | I378: =IF($F378<0,"ERROR","")
F379: =IF($A379="","",$E379-_xlfn.MAXIFS($E$2:$E378,$C$2:$C378,$C379,$A$2:$A378,$A379)) | G379: =IF($A379="","",HOUR($D379)) | H379: =IF($A379="","",MINUTE($D379)) | I379: =IF($F379<0,"ERROR","")
F380: =IF($A380="","",$E380-_xlfn.MAXIFS($E$2:$E379,$C$2:$C379,$C380,$A$2:$A379,$A380)) | G380: =IF($A380="","",HOUR($D380)) | H380: =IF($A380="","",MINUTE($D380)) | I380: =IF($F380<0,"ERROR","")
F381: =IF($A381="","",$E381-_xlfn.MAXIFS($E$2:$E380,$C$2:$C380,$C381,$A$2:$A380,$A381)) | G381: =IF($A381="","",HOUR($D381)) | H381: =IF($A381="","",MINUTE($D381)) | I381: =IF($F381<0,"ERROR","")
F382: =IF($A382="","",$E382-_xlfn.MAXIFS($E$2:$E381,$C$2:$C381,$C382,$A$2:$A381,$A382)) | G382: =IF($A382="","",HOUR($D382)) | H382: =IF($A382="","",MINUTE($D382)) | I382: =IF($F382<0,"ERROR","")
F383: =IF($A383="","",$E383-_xlfn.MAXIFS($E$2:$E382,$C$2:$C382,$C383,$A$2:$A382,$A383)) | G383: =IF($A383="","",HOUR($D383)) | H383: =IF($A383="","",MINUTE($D383)) | I383: =IF($F383<0,"ERROR","")
F384: =IF($A384="","",$E384-_xlfn.MAXIFS($E$2:$E383,$C$2:$C383,$C384,$A$2:$A383,$A384)) | G384: =IF($A384="","",HOUR($D384)) | H384: =IF($A384="","",MINUTE($D384)) | I384: =IF($F384<0,"ERROR","")
F385: =IF($A385="","",$E385-_xlfn.MAXIFS($E$2:$E384,$C$2:$C384,$C385,$A$2:$A384,$A385)) | G385: =IF($A385="","",HOUR($D385)) | H385: =IF($A385="","",MINUTE($D385)) | I385: =IF($F385<0,"ERROR","")
F386: =IF($A386="","",$E386-_xlfn.MAXIFS($E$2:$E385,$C$2:$C385,$C386,$A$2:$A385,$A386)) | G386: =IF($A386="","",HOUR($D386)) | H386: =IF($A386="","",MINUTE($D386)) | I386: =IF($F386<0,"ERROR","")
F387: =IF($A387="","",$E387-_xlfn.MAXIFS($E$2:$E386,$C$2:$C386,$C387,$A$2:$A386,$A387)) | G387: =IF($A387="","",HOUR($D387)) | H387: =IF($A387="","",MINUTE($D387)) | I387: =IF($F387<0,"ERROR","")
F388: =IF($A388="","",$E388-_xlfn.MAXIFS($E$2:$E387,$C$2:$C387,$C388,$A$2:$A387,$A388)) | G388: =IF($A388="","",HOUR($D388)) | H388: =IF($A388="","",MINUTE($D388)) | I388: =IF($F388<0,"ERROR","")
F389: =IF($A389="","",$E389-_xlfn.MAXIFS($E$2:$E388,$C$2:$C388,$C389,$A$2:$A388,$A389)) | G389: =IF($A389="","",HOUR($D389)) | H389: =IF($A389="","",MINUTE($D389)) | I389: =IF($F389<0,"ERROR","")
F390: =IF($A390="","",$E390-_xlfn.MAXIFS($E$2:$E389,$C$2:$C389,$C390,$A$2:$A389,$A390)) | G390: =IF($A390="","",HOUR($D390)) | H390: =IF($A390="","",MINUTE($D390)) | I390: =IF($F390<0,"ERROR","")
... F9941: =IF($A9941="","",$E9941-_xlfn.MAXIFS($E$2:$E9940,$C$2:$C9940,$C9941,$A$2:$A9940,$A9941)) | G9941: =IF($A9941="","",HOUR($D9941)) | H9941: =IF($A9941="","",MINUTE($D9941)) | I9941: =IF($F9941<0,"ERROR","")

Sheet BACKUP CALCULATIONS
A1: =TODAY() -> 46146 | B1: TOTAL | C1: 500 | D1: 530 | E1: 600 | F1: 630 | G1: 700 | H1: 730 | I1: 800 | J1: 830 | K1: 900 | L1: 930 | M1: 1000 | N1: 1030 | O1: 1100 | P1: 1130 | Q1: 1200 | R1: 1230 | S1: 1300 | T1: 1330 | U1: 1400 | V1: 1430 | W1: 1500 | X1: 1530 | Y1: 1600 | Z1: 1630 | AA1: 1700 | AB1: 1730 | AC1: 1800 | AD1: 1830 | AE1: 1900 | AF1: 1930
C2: 5 | D2: 5 | E2: 6 | F2: 6 | G2: 7 | H2: 7 | I2: 8 | J2: 8 | K2: 9 | L2: 9 | M2: 10 | N2: 10 | O2: 11 | P2: 11 | Q2: 12 | R2: 12 | S2: 13 | T2: 13 | U2: 14 | V2: 14 | W2: 15 | X2: 15 | Y2: 16 | Z2: 16 | AA2: 17 | AB2: 17 | AC2: 18 | AD2: 18 | AE2: 19 | AF2: 19
A3: PURPLE | B3: =SUMIFS('BACKUP COUNTS'!$F:$F,'BACKUP COUNTS'!$B:$B,$A3,'BACKUP COUNTS'!$A:$A,$A$1) -> 0 | C3: =SUMIFS('BACKUP COUNTS'!$F:$F,'BACKUP COUNTS'!$B:$B,$A3,'BACKUP COUNTS'!$G:$G,C$2,'BACKUP COUNTS'!$H:$H,"<30",'BACKUP COUNTS'!$A:$A,$A$1) -> 0 | D3: =SUMIFS('BACKUP COUNTS'!$F:$F,'BACKUP COUNTS'!$B:$B,$A3,'BACKUP COUNTS'!$G:$G,D$2,'BACKUP COUNTS'!$H:$H,">=30",'BACKUP COUNTS'!$A:$A,$A$1) -> 0 | E3: =SUMIFS('BACKUP COUNTS'!$F:$F,'BACKUP COUNTS'!$B:$B,$A3,'BACKUP COUNTS'!$G:$G,E$2,'BACKUP COUNTS'!$H:$H,"<30",'BACKUP COUNTS'!$A:$A,$A$1) -> 0 | F3: =SUMIFS('BACKUP COUNTS'!$F:$F,'BACKUP COUNTS'!$B:$B,$A3,'BACKUP COUNTS'!$G:$G,F$2,'BACKUP COUNTS'!$H:$H,">=30",'BACKUP COUNTS'!$A:$A,$A$1) -> 0 | G3: =SUMIFS('BACKUP COUNTS'!$F:$F,'BACKUP COUNTS'!$B:$B,$A3,'BACKUP COUNTS'!$G:$G,G$2,'BACKUP COUNTS'!$H:$H,"<30",'BACKUP COUNTS'!$A:$A,$A$1) -> 0 | H3: =SUMIFS('BACKUP COUNTS'!$F:$F,'BACKUP COUNTS'!$B:$B,$A3,'BACKUP COUNTS'!$G:$G,H$2,'BACKUP COUNTS'!$H:$H,">=30",'BACKUP COUNTS'!$A:$A,$A$1) -> 0 | I3: =SUMIFS('BACKUP COUNTS'!$F:$F,'BACKUP COUNTS'!$B:$B,$A3,'BACKUP COUNTS'!$G:$G,I$2,'BACKUP COUNTS'!$H:$H,"<30",'BACKUP COUNTS'!$A:$A,$A$1) -> 0 | J3: =SUMIFS('BACKUP COUNTS'!$F:$F,'BACKUP COUNTS'!$B:$B,$A3,'BACKUP COUNTS'!$G:$G,J$2,'BACKUP COUNTS'!$H:$H,">=30",'BACKUP COUNTS'!$A:$A,$A$1) -> 0 | K3: =SUMIFS('BACKUP COUNTS'!$F:$F,'BACKUP COUNTS'!$B:$B,$A3,'BACKUP COUNTS'!$G:$G,K$2,'BACKUP COUNTS'!$H:$H,"<30",'BACKUP COUNTS'!$A:$A,$A$1) -> 0 | L3: =SUMIFS('BACKUP COUNTS'!$F:$F,'BACKUP COUNTS'!$B:$B,$A3,'BACKUP COUNTS'!$G:$G,L$2,'BACKUP COUNTS'!$H:$H,">=30",'BACKUP COUNTS'!$A:$A,$A$1) -> 0 | M3: =SUMIFS('BACKUP COUNTS'!$F:$F,'BACKUP COUNTS'!$B:$B,$A3,'BACKUP COUNTS'!$G:$G,M$2,'BACKUP COUNTS'!$H:$H,"<30",'BACKUP COUNTS'!$A:$A,$A$1) -> 0 | N3: =SUMIFS('BACKUP COUNTS'!$F:$F,'BACKUP COUNTS'!$B:$B,$A3,'BACKUP COUNTS'!$G:$G,N$2,'BACKUP COUNTS'!$H:$H,">=30",'BACKUP COUNTS'!$A:$A,$A$1) -> 0 | O3: =SUMIFS('BACKUP COUNTS'!$F:$F,'BACKUP COUNTS'!$B:$B,$A3,'BACKUP COUNTS'!$G:$G,O$2,'BACKUP COUNTS'!$H:$H,"<30",'BACKUP COUNTS'!$A:$A,$A$1) -> 0 | P3: =SUMIFS('BACKUP COUNTS'!$F:$F,'BACKUP COUNTS'!$B:$B,$A3,'BACKUP COUNTS'!$G:$G,P$2,'BACKUP COUNTS'!$H:$H,">=30",'BACKUP COUNTS'!$A:$A,$A$1) -> 0 | Q3: =SUMIFS('BACKUP COUNTS'!$F:$F,'BACKUP COUNTS'!$B:$B,$A3,'BACKUP COUNTS'!$G:$G,Q$2,'BACKUP COUNTS'!$H:$H,"<30",'BACKUP COUNTS'!$A:$A,$A$1) -> 0 | R3: =SUMIFS('BACKUP COUNTS'!$F:$F,'BACKUP COUNTS'!$B:$B,$A3,'BACKUP COUNTS'!$G:$G,R$2,'BACKUP COUNTS'!$H:$H,">=30",'BACKUP COUNTS'!$A:$A,$A$1) -> 0 | S3: =SUMIFS('BACKUP COUNTS'!$F:$F,'BACKUP COUNTS'!$B:$B,$A3,'BACKUP COUNTS'!$G:$G,S$2,'BACKUP COUNTS'!$H:$H,"<30",'BACKUP COUNTS'!$A:$A,$A$1) -> 0 | T3: =SUMIFS('BACKUP COUNTS'!$F:$F,'BACKUP COUNTS'!$B:$B,$A3,'BACKUP COUNTS'!$G:$G,T$2,'BACKUP COUNTS'!$H:$H,">=30",'BACKUP COUNTS'!$A:$A,$A$1) -> 0 | U3: =SUMIFS('BACKUP COUNTS'!$F:$F,'BACKUP COUNTS'!$B:$B,$A3,'BACKUP COUNTS'!$G:$G,U$2,'BACKUP COUNTS'!$H:$H,"<30",'BACKUP COUNTS'!$A:$A,$A$1) -> 0 | V3: =SUMIFS('BACKUP COUNTS'!$F:$F,'BACKUP COUNTS'!$B:$B,$A3,'BACKUP COUNTS'!$G:$G,V$2,'BACKUP COUNTS'!$H:$H,">=30",'BACKUP COUNTS'!$A:$A,$A$1) -> 0 | W3: =SUMIFS('BACKUP COUNTS'!$F:$F,'BACKUP COUNTS'!$B:$B,$A3,'BACKUP COUNTS'!$G:$G,W$2,'BACKUP COUNTS'!$H:$H,"<30",'BACKUP COUNTS'!$A:$A,$A$1) -> 0 | X3: =SUMIFS('BACKUP COUNTS'!$F:$F,'BACKUP COUNTS'!$B:$B,$A3,'BACKUP COUNTS'!$G:$G,X$2,'BACKUP COUNTS'!$H:$H,">=30",'BACKUP COUNTS'!$A:$A,$A$1) -> 0 | Y3: =SUMIFS('BACKUP COUNTS'!$F:$F,'BACKUP COUNTS'!$B:$B,$A3,'BACKUP COUNTS'!$G:$G,Y$2,'BACKUP COUNTS'!$H:$H,"<30",'BACKUP COUNTS'!$A:$A,$A$1) -> 0 | Z3: =SUMIFS('BACKUP COUNTS'!$F:$F,'BACKUP COUNTS'!$B:$B,$A3,'BACKUP COUNTS'!$G:$G,Z$2,'BACKUP COUNTS'!$H:$H,">=30",'BACKUP COUNTS'!$A:$A,$A$1) -> 0 | AA3: =SUMIFS('BACKUP COUNTS'!$F:$F,'BACKUP COUNTS'!$B:$B,$A3,'BACKUP COUNTS'!$G:$G,AA$2,'BACKUP COUNTS'!$H:$H,"<30",'BACKUP COUNTS'!$A:$A,$A$1) -> 0 | AB3: =SUMIFS('BACKUP COUNTS'!$F:$F,'BACKUP COUNTS'!$B:$B,$A3,'BACKUP COUNTS'!$G:$G,AB$2,'BACKUP COUNTS'!$H:$H,">=30",'BACKUP COUNTS'!$A:$A,$A$1) -> 0 | AC3: =SUMIFS('BACKUP COUNTS'!$F:$F,'BACKUP COUNTS'!$B:$B,$A3,'BACKUP COUNTS'!$G:$G,AC$2,'BACKUP COUNTS'!$H:$H,"<30",'BACKUP COUNTS'!$A:$A,$A$1) -> 0 | AD3: =SUMIFS('BACKUP COUNTS'!$F:$F,'BACKUP COUNTS'!$B:$B,$A3,'BACKUP COUNTS'!$G:$G,AD$2,'BACKUP COUNTS'!$H:$H,">=30",'BACKUP COUNTS'!$A:$A,$A$1) -> 0 | AE3: =SUMIFS('BACKUP COUNTS'!$F:$F,'BACKUP COUNTS'!$B:$B,$A3,'BACKUP COUNTS'!$G:$G,AE$2,'BACKUP COUNTS'!$H:$H,"<30",'BACKUP COUNTS'!$A:$A,$A$1) -> 0 | AF3: =SUMIFS('BACKUP COUNTS'!$F:$F,'BACKUP COUNTS'!$B:$B,$A3,'BACKUP COUNTS'!$G:$G,AF$2,'BACKUP COUNTS'!$H:$H,">=30",'BACKUP COUNTS'!$A:$A,$A$1) -> 0
C5: 5 | D5: 6 | E5: 7 | F5: 8 | G5: 9 | H5: 10 | I5: 11 | J5: 12 | K5: 13 | L5: 14 | M5: 15 | N5: 16 | O5: 17 | P5: 18 | Q5: 19
B6: PURPLE | C6: {=IFERROR(_xlfn.XLOOKUP($A$1,'BACKUP BY DAY'!$A$4:$A$264,_xlfn.XLOOKUP(C$5,'BACKUP BY DAY'!$D$2:$K$2,'BACKUP BY DAY'!$D$4:$K$264)),"")} | D6: {=IFERROR(_xlfn.XLOOKUP($A$1,'BACKUP BY DAY'!$A$4:$A$264,_xlfn.XLOOKUP(D$5,'BACKUP BY DAY'!$D$2:$K$2,'BACKUP BY DAY'!$D$4:$K$264)),"")} | E6: {=IFERROR(_xlfn.XLOOKUP($A$1,'BACKUP BY DAY'!$A$4:$A$264,_xlfn.XLOOKUP(E$5,'BACKUP BY DAY'!$D$2:$K$2,'BACKUP BY DAY'!$D$4:$K$264)),"")} | F6: {=IFERROR(_xlfn.XLOOKUP($A$1,'BACKUP BY DAY'!$A$4:$A$264,_xlfn.XLOOKUP(F$5,'BACKUP BY DAY'!$D$2:$K$2,'BACKUP BY DAY'!$D$4:$K$264)),"")} | G6: {=IFERROR(_xlfn.XLOOKUP($A$1,'BACKUP BY DAY'!$A$4:$A$264,_xlfn.XLOOKUP(G$5,'BACKUP BY DAY'!$D$2:$K$2,'BACKUP BY DAY'!$D$4:$K$264)),"")} | H6: {=IFERROR(_xlfn.XLOOKUP($A$1,'BACKUP BY DAY'!$A$4:$A$264,_xlfn.XLOOKUP(H$5,'BACKUP BY DAY'!$D$2:$K$2,'BACKUP BY DAY'!$D$4:$K$264)),"")} | I6: {=IFERROR(_xlfn.XLOOKUP($A$1,'BACKUP BY DAY'!$A$4:$A$264,_xlfn.XLOOKUP(I$5,'BACKUP BY DAY'!$D$2:$K$2,'BACKUP BY DAY'!$D$4:$K$264)),"")} | J6: {=IFERROR(_xlfn.XLOOKUP($A$1,'BACKUP BY DAY'!$A$4:$A$264,_xlfn.XLOOKUP(J$5,'BACKUP BY DAY'!$D$2:$K$2,'BACKUP BY DAY'!$D$4:$K$264)),"")} | ... Q6: {=IFERROR(_xlfn.XLOOKUP($A$1,'BACKUP BY DAY'!$A$4:$A$264,_xlfn.XLOOKUP(Q$5,'BACKUP BY DAY'!$D$2:$K$2,'BACKUP BY DAY'!$D$4:$K$264)),"")}
B7: PRP AVG | C7: =IFERROR(_xlfn.XLOOKUP(C$5,'BACKUP BY DAY'!$D$2:$K$2,'BACKUP BY DAY'!$D$3:$K$3),"") | D7: =IFERROR(_xlfn.XLOOKUP(D$5,'BACKUP BY DAY'!$D$2:$K$2,'BACKUP BY DAY'!$D$3:$K$3),"") | E7: =IFERROR(_xlfn.XLOOKUP(E$5,'BACKUP BY DAY'!$D$2:$K$2,'BACKUP BY DAY'!$D$3:$K$3),"") | F7: =IFERROR(_xlfn.XLOOKUP(F$5,'BACKUP BY DAY'!$D$2:$K$2,'BACKUP BY DAY'!$D$3:$K$3),"") | G7: =IFERROR(_xlfn.XLOOKUP(G$5,'BACKUP BY DAY'!$D$2:$K$2,'BACKUP BY DAY'!$D$3:$K$3),"") | H7: =IFERROR(_xlfn.XLOOKUP(H$5,'BACKUP BY DAY'!$D$2:$K$2,'BACKUP BY DAY'!$D$3:$K$3),"") | I7: =IFERROR(_xlfn.XLOOKUP(I$5,'BACKUP BY DAY'!$D$2:$K$2,'BACKUP BY DAY'!$D$3:$K$3),"") | J7: =IFERROR(_xlfn.XLOOKUP(J$5,'BACKUP BY DAY'!$D$2:$K$2,'BACKUP BY DAY'!$D$3:$K$3),"") | ... Q7: =IFERROR(_xlfn.XLOOKUP(Q$5,'BACKUP BY DAY'!$D$2:$K$2,'BACKUP BY DAY'!$D$3:$K$3),"")
C8: 0.20833333 | D8: 0.25 | E8: 0.29166667 | F8: 0.33333333 | G8: 0.375 | H8: 0.41666667 | I8: 0.45833333 | J8: 0.5 | K8: 0.54166667 | L8: 0.58333333 | M8: 0.625 | N8: 0.66666667 | O8: 0.70833333 | P8: 0.75 | Q8: 0.79166667

Sheet BACKUP BY DAY
D1: PURPLE | E1: PURPLE | F1: PURPLE | G1: PURPLE | H1: PURPLE | I1: PURPLE | J1: PURPLE | K1: PURPLE | L1: PURPLE | M1: PURPLE | N1: PURPLE | O1: PURPLE | P1: PURPLE | Q1: PURPLE | R1: PURPLE
C2: PURPLE | D2: 5 | E2: 6 | F2: 7 | G2: 8 | H2: 9 | I2: 10 | J2: 11 | K2: 12 | L2: 13 | M2: 14 | N2: 15 | O2: 16 | P2: 17 | Q2: 18 | R2: 19
A3: DATE | B3: TAGS | C3: =AVERAGEIFS(C$4:C$264,$B$4:$B$264,"Y") -> #DIV/0! | D3: =AVERAGEIFS(D$4:D$264,$B$4:$B$264,"Y") -> #DIV/0! | E3: =AVERAGEIFS(E$4:E$264,$B$4:$B$264,"Y") -> #DIV/0! | F3: =AVERAGEIFS(F$4:F$264,$B$4:$B$264,"Y") -> #DIV/0! | G3: =AVERAGEIFS(G$4:G$264,$B$4:$B$264,"Y") -> #DIV/0! | H3: =AVERAGEIFS(H$4:H$264,$B$4:$B$264,"Y") -> #DIV/0! | I3: =AVERAGEIFS(I$4:I$264,$B$4:$B$264,"Y") -> #DIV/0! | J3: =AVERAGEIFS(J$4:J$264,$B$4:$B$264,"Y") -> #DIV/0! | ... R3: =AVERAGEIFS(R$4:R$264,$B$4:$B$264,"Y") -> #DIV/0!
A4: 45839 | C4: =IF(SUMIFS('BACKUP COUNTS'!$F:$F,'BACKUP COUNTS'!$A:$A,$A4,'BACKUP COUNTS'!$B:$B,C$2)=0,"",SUMIFS('BACKUP COUNTS'!$F:$F,'BACKUP COUNTS'!$A:$A,$A4,'BACKUP COUNTS'!$B:$B,C$2)) | D4: =IF(SUMIFS('BACKUP COUNTS'!$F:$F,'BACKUP COUNTS'!$A:$A,$A4,'BACKUP COUNTS'!$B:$B,D$1,'BACKUP COUNTS'!$G:$G,D$2)=0,"",SUMIFS('BACKUP COUNTS'!$F:$F,'BACKUP COUNTS'!$A:$A,$A4,'BACKUP COUNTS'!$B:$B,D$1,'BACKUP COUNTS'!$G:$G,D$2)) | E4: =IF(SUMIFS('BACKUP COUNTS'!$F:$F,'BACKUP COUNTS'!$A:$A,$A4,'BACKUP COUNTS'!$B:$B,E$1,'BACKUP COUNTS'!$G:$G,E$2)=0,"",SUMIFS('BACKUP COUNTS'!$F:$F,'BACKUP COUNTS'!$A:$A,$A4,'BACKUP COUNTS'!$B:$B,E$1,'BACKUP COUNTS'!$G:$G,E$2)) | F4: =IF(SUMIFS('BACKUP COUNTS'!$F:$F,'BACKUP COUNTS'!$A:$A,$A4,'BACKUP COUNTS'!$B:$B,F$1,'BACKUP COUNTS'!$G:$G,F$2)=0,"",SUMIFS('BACKUP COUNTS'!$F:$F,'BACKUP COUNTS'!$A:$A,$A4,'BACKUP COUNTS'!$B:$B,F$1,'BACKUP COUNTS'!$G:$G,F$2)) | G4: =IF(SUMIFS('BACKUP COUNTS'!$F:$F,'BACKUP COUNTS'!$A:$A,$A4,'BACKUP COUNTS'!$B:$B,G$1,'BACKUP COUNTS'!$G:$G,G$2)=0,"",SUMIFS('BACKUP COUNTS'!$F:$F,'BACKUP COUNTS'!$A:$A,$A4,'BACKUP COUNTS'!$B:$B,G$1,'BACKUP COUNTS'!$G:$G,G$2)) | H4: =IF(SUMIFS('BACKUP COUNTS'!$F:$F,'BACKUP COUNTS'!$A:$A,$A4,'BACKUP COUNTS'!$B:$B,H$1,'BACKUP COUNTS'!$G:$G,H$2)=0,"",SUMIFS('BACKUP COUNTS'!$F:$F,'BACKUP COUNTS'!$A:$A,$A4,'BACKUP COUNTS'!$B:$B,H$1,'BACKUP COUNTS'!$G:$G,H$2)) | I4: =IF(SUMIFS('BACKUP COUNTS'!$F:$F,'BACKUP COUNTS'!$A:$A,$A4,'BACKUP COUNTS'!$B:$B,I$1,'BACKUP COUNTS'!$G:$G,I$2)=0,"",SUMIFS('BACKUP COUNTS'!$F:$F,'BACKUP COUNTS'!$A:$A,$A4,'BACKUP COUNTS'!$B:$B,I$1,'BACKUP COUNTS'!$G:$G,I$2)) | J4: =IF(SUMIFS('BACKUP COUNTS'!$F:$F,'BACKUP COUNTS'!$A:$A,$A4,'BACKUP COUNTS'!$B:$B,J$1,'BACKUP COUNTS'!$G:$G,J$2)=0,"",SUMIFS('BACKUP COUNTS'!$F:$F,'BACKUP COUNTS'!$A:$A,$A4,'BACKUP COUNTS'!$B:$B,J$1,'BACKUP COUNTS'!$G:$G,J$2)) | K4: =IF(SUMIFS('BACKUP COUNTS'!$F:$F,'BACKUP COUNTS'!$A:$A,$A4,'BACKUP COUNTS'!$B:$B,K$1,'BACKUP COUNTS'!$G:$G,K$2)=0,"",SUMIFS('BACKUP COUNTS'!$F:$F,'BACKUP COUNTS'!$A:$A,$A4,'BACKUP COUNTS'!$B:$B,K$1,'BACKUP COUNTS'!$G:$G,K$2)) | ... R4: =IF(SUMIFS('BACKUP COUNTS'!$F:$F,'BACKUP COUNTS'!$A:$A,$A4,'BACKUP COUNTS'!$B:$B,R$1,'BACKUP COUNTS'!$G:$G,R$2)=0,"",SUMIFS('BACKUP COUNTS'!$F:$F,'BACKUP COUNTS'!$A:$A,$A4,'BACKUP COUNTS'!$B:$B,R$1,'BACKUP COUNTS'!$G:$G,R$2))
A5: =IF(WEEKDAY(A4,2)=5,A4+3,A4+1) -> 45840 | C5: =IF(SUMIFS('BACKUP COUNTS'!$F:$F,'BACKUP COUNTS'!$A:$A,$A5,'BACKUP COUNTS'!$B:$B,C$2)=0,"",SUMIFS('BACKUP COUNTS'!$F:$F,'BACKUP COUNTS'!$A:$A,$A5,'BACKUP COUNTS'!$B:$B,C$2)) | D5: =IF(SUMIFS('BACKUP COUNTS'!$F:$F,'BACKUP COUNTS'!$A:$A,$A5,'BACKUP COUNTS'!$B:$B,D$1,'BACKUP COUNTS'!$G:$G,D$2)=0,"",SUMIFS('BACKUP COUNTS'!$F:$F,'BACKUP COUNTS'!$A:$A,$A5,'BACKUP COUNTS'!$B:$B,D$1,'BACKUP COUNTS'!$G:$G,D$2)) | E5: =IF(SUMIFS('BACKUP COUNTS'!$F:$F,'BACKUP COUNTS'!$A:$A,$A5,'BACKUP COUNTS'!$B:$B,E$1,'BACKUP COUNTS'!$G:$G,E$2)=0,"",SUMIFS('BACKUP COUNTS'!$F:$F,'BACKUP COUNTS'!$A:$A,$A5,'BACKUP COUNTS'!$B:$B,E$1,'BACKUP COUNTS'!$G:$G,E$2)) | F5: =IF(SUMIFS('BACKUP COUNTS'!$F:$F,'BACKUP COUNTS'!$A:$A,$A5,'BACKUP COUNTS'!$B:$B,F$1,'BACKUP COUNTS'!$G:$G,F$2)=0,"",SUMIFS('BACKUP COUNTS'!$F:$F,'BACKUP COUNTS'!$A:$A,$A5,'BACKUP COUNTS'!$B:$B,F$1,'BACKUP COUNTS'!$G:$G,F$2)) | G5: =IF(SUMIFS('BACKUP COUNTS'!$F:$F,'BACKUP COUNTS'!$A:$A,$A5,'BACKUP COUNTS'!$B:$B,G$1,'BACKUP COUNTS'!$G:$G,G$2)=0,"",SUMIFS('BACKUP COUNTS'!$F:$F,'BACKUP COUNTS'!$A:$A,$A5,'BACKUP COUNTS'!$B:$B,G$1,'BACKUP COUNTS'!$G:$G,G$2)) | H5: =IF(SUMIFS('BACKUP COUNTS'!$F:$F,'BACKUP COUNTS'!$A:$A,$A5,'BACKUP COUNTS'!$B:$B,H$1,'BACKUP COUNTS'!$G:$G,H$2)=0,"",SUMIFS('BACKUP COUNTS'!$F:$F,'BACKUP COUNTS'!$A:$A,$A5,'BACKUP COUNTS'!$B:$B,H$1,'BACKUP COUNTS'!$G:$G,H$2)) | I5: =IF(SUMIFS('BACKUP COUNTS'!$F:$F,'BACKUP COUNTS'!$A:$A,$A5,'BACKUP COUNTS'!$B:$B,I$1,'BACKUP COUNTS'!$G:$G,I$2)=0,"",SUMIFS('BACKUP COUNTS'!$F:$F,'BACKUP COUNTS'!$A:$A,$A5,'BACKUP COUNTS'!$B:$B,I$1,'BACKUP COUNTS'!$G:$G,I$2)) | J5: =IF(SUMIFS('BACKUP COUNTS'!$F:$F,'BACKUP COUNTS'!$A:$A,$A5,'BACKUP COUNTS'!$B:$B,J$1,'BACKUP COUNTS'!$G:$G,J$2)=0,"",SUMIFS('BACKUP COUNTS'!$F:$F,'BACKUP COUNTS'!$A:$A,$A5,'BACKUP COUNTS'!$B:$B,J$1,'BACKUP COUNTS'!$G:$G,J$2)) | K5: =IF(SUMIFS('BACKUP COUNTS'!$F:$F,'BACKUP COUNTS'!$A:$A,$A5,'BACKUP COUNTS'!$B:$B,K$1,'BACKUP COUNTS'!$G:$G,K$2)=0,"",SUMIFS('BACKUP COUNTS'!$F:$F,'BACKUP COUNTS'!$A:$A,$A5,'BACKUP COUNTS'!$B:$B,K$1,'BACKUP COUNTS'!$G:$G,K$2)) | ... R5: =IF(SUMIFS('BACKUP COUNTS'!$F:$F,'BACKUP COUNTS'!$A:$A,$A5,'BACKUP COUNTS'!$B:$B,R$1,'BACKUP COUNTS'!$G:$G,R$2)=0,"",SUMIFS('BACKUP COUNTS'!$F:$F,'BACKUP COUNTS'!$A:$A,$A5,'BACKUP COUNTS'!$B:$B,R$1,'BACKUP COUNTS'!$G:$G,R$2))
A6: =IF(WEEKDAY(A5,2)=5,A5+3,A5+1) -> 45841 | C6: =IF(SUMIFS('BACKUP COUNTS'!$F:$F,'BACKUP COUNTS'!$A:$A,$A6,'BACKUP COUNTS'!$B:$B,C$2)=0,"",SUMIFS('BACKUP COUNTS'!$F:$F,'BACKUP COUNTS'!$A:$A,$A6,'BACKUP COUNTS'!$B:$B,C$2)) | D6: =IF(SUMIFS('BACKUP COUNTS'!$F:$F,'BACKUP COUNTS'!$A:$A,$A6,'BACKUP COUNTS'!$B:$B,D$1,'BACKUP COUNTS'!$G:$G,D$2)=0,"",SUMIFS('BACKUP COUNTS'!$F:$F,'BACKUP COUNTS'!$A:$A,$A6,'BACKUP COUNTS'!$B:$B,D$1,'BACKUP COUNTS'!$G:$G,D$2)) | E6: =IF(SUMIFS('BACKUP COUNTS'!$F:$F,'BACKUP COUNTS'!$A:$A,$A6,'BACKUP COUNTS'!$B:$B,E$1,'BACKUP COUNTS'!$G:$G,E$2)=0,"",SUMIFS('BACKUP COUNTS'!$F:$F,'BACKUP COUNTS'!$A:$A,$A6,'BACKUP COUNTS'!$B:$B,E$1,'BACKUP COUNTS'!$G:$G,E$2)) | F6: =IF(SUMIFS('BACKUP COUNTS'!$F:$F,'BACKUP COUNTS'!$A:$A,$A6,'BACKUP COUNTS'!$B:$B,F$1,'BACKUP COUNTS'!$G:$G,F$2)=0,"",SUMIFS('BACKUP COUNTS'!$F:$F,'BACKUP COUNTS'!$A:$A,$A6,'BACKUP COUNTS'!$B:$B,F$1,'BACKUP COUNTS'!$G:$G,F$2)) | G6: =IF(SUMIFS('BACKUP COUNTS'!$F:$F,'BACKUP COUNTS'!$A:$A,$A6,'BACKUP COUNTS'!$B:$B,G$1,'BACKUP COUNTS'!$G:$G,G$2)=0,"",SUMIFS('BACKUP COUNTS'!$F:$F,'BACKUP COUNTS'!$A:$A,$A6,'BACKUP COUNTS'!$B:$B,G$1,'BACKUP COUNTS'!$G:$G,G$2)) | H6: =IF(SUMIFS('BACKUP COUNTS'!$F:$F,'BACKUP COUNTS'!$A:$A,$A6,'BACKUP COUNTS'!$B:$B,H$1,'BACKUP COUNTS'!$G:$G,H$2)=0,"",SUMIFS('BACKUP COUNTS'!$F:$F,'BACKUP COUNTS'!$A:$A,$A6,'BACKUP COUNTS'!$B:$B,H$1,'BACKUP COUNTS'!$G:$G,H$2)) | I6: =IF(SUMIFS('BACKUP COUNTS'!$F:$F,'BACKUP COUNTS'!$A:$A,$A6,'BACKUP COUNTS'!$B:$B,I$1,'BACKUP COUNTS'!$G:$G,I$2)=0,"",SUMIFS('BACKUP COUNTS'!$F:$F,'BACKUP COUNTS'!$A:$A,$A6,'BACKUP COUNTS'!$B:$B,I$1,'BACKUP COUNTS'!$G:$G,I$2)) | J6: =IF(SUMIFS('BACKUP COUNTS'!$F:$F,'BACKUP COUNTS'!$A:$A,$A6,'BACKUP COUNTS'!$B:$B,J$1,'BACKUP COUNTS'!$G:$G,J$2)=0,"",SUMIFS('BACKUP COUNTS'!$F:$F,'BACKUP COUNTS'!$A:$A,$A6,'BACKUP COUNTS'!$B:$B,J$1,'BACKUP COUNTS'!$G:$G,J$2)) | K6: =IF(SUMIFS('BACKUP COUNTS'!$F:$F,'BACKUP COUNTS'!$A:$A,$A6,'BACKUP COUNTS'!$B:$B,K$1,'BACKUP COUNTS'!$G:$G,K$2)=0,"",SUMIFS('BACKUP COUNTS'!$F:$F,'BACKUP COUNTS'!$A:$A,$A6,'BACKUP COUNTS'!$B:$B,K$1,'BACKUP COUNTS'!$G:$G,K$2)) | ... R6: =IF(SUMIFS('BACKUP COUNTS'!$F:$F,'BACKUP COUNTS'!$A:$A,$A6,'BACKUP COUNTS'!$B:$B,R$1,'BACKUP COUNTS'!$G:$G,R$2)=0,"",SUMIFS('BACKUP COUNTS'!$F:$F,'BACKUP COUNTS'!$A:$A,$A6,'BACKUP COUNTS'!$B:$B,R$1,'BACKUP COUNTS'!$G:$G,R$2))
A7: =IF(WEEKDAY(A6,2)=5,A6+3,A6+1) -> 45842 | C7: =IF(SUMIFS('BACKUP COUNTS'!$F:$F,'BACKUP COUNTS'!$A:$A,$A7,'BACKUP COUNTS'!$B:$B,C$2)=0,"",SUMIFS('BACKUP COUNTS'!$F:$F,'BACKUP COUNTS'!$A:$A,$A7,'BACKUP COUNTS'!$B:$B,C$2)) | D7: =IF(SUMIFS('BACKUP COUNTS'!$F:$F,'BACKUP COUNTS'!$A:$A,$A7,'BACKUP COUNTS'!$B:$B,D$1,'BACKUP COUNTS'!$G:$G,D$2)=0,"",SUMIFS('BACKUP COUNTS'!$F:$F,'BACKUP COUNTS'!$A:$A,$A7,'BACKUP COUNTS'!$B:$B,D$1,'BACKUP COUNTS'!$G:$G,D$2)) | E7: =IF(SUMIFS('BACKUP COUNTS'!$F:$F,'BACKUP COUNTS'!$A:$A,$A7,'BACKUP COUNTS'!$B:$B,E$1,'BACKUP COUNTS'!$G:$G,E$2)=0,"",SUMIFS('BACKUP COUNTS'!$F:$F,'BACKUP COUNTS'!$A:$A,$A7,'BACKUP COUNTS'!$B:$B,E$1,'BACKUP COUNTS'!$G:$G,E$2)) | F7: =IF(SUMIFS('BACKUP COUNTS'!$F:$F,'BACKUP COUNTS'!$A:$A,$A7,'BACKUP COUNTS'!$B:$B,F$1,'BACKUP COUNTS'!$G:$G,F$2)=0,"",SUMIFS('BACKUP COUNTS'!$F:$F,'BACKUP COUNTS'!$A:$A,$A7,'BACKUP COUNTS'!$B:$B,F$1,'BACKUP COUNTS'!$G:$G,F$2)) | G7: =IF(SUMIFS('BACKUP COUNTS'!$F:$F,'BACKUP COUNTS'!$A:$A,$A7,'BACKUP COUNTS'!$B:$B,G$1,'BACKUP COUNTS'!$G:$G,G$2)=0,"",SUMIFS('BACKUP COUNTS'!$F:$F,'BACKUP COUNTS'!$A:$A,$A7,'BACKUP COUNTS'!$B:$B,G$1,'BACKUP COUNTS'!$G:$G,G$2)) | H7: =IF(SUMIFS('BACKUP COUNTS'!$F:$F,'BACKUP COUNTS'!$A:$A,$A7,'BACKUP COUNTS'!$B:$B,H$1,'BACKUP COUNTS'!$G:$G,H$2)=0,"",SUMIFS('BACKUP COUNTS'!$F:$F,'BACKUP COUNTS'!$A:$A,$A7,'BACKUP COUNTS'!$B:$B,H$1,'BACKUP COUNTS'!$G:$G,H$2)) | I7: =IF(SUMIFS('BACKUP COUNTS'!$F:$F,'BACKUP COUNTS'!$A:$A,$A7,'BACKUP COUNTS'!$B:$B,I$1,'BACKUP COUNTS'!$G:$G,I$2)=0,"",SUMIFS('BACKUP COUNTS'!$F:$F,'BACKUP COUNTS'!$A:$A,$A7,'BACKUP COUNTS'!$B:$B,I$1,'BACKUP COUNTS'!$G:$G,I$2)) | J7: =IF(SUMIFS('BACKUP COUNTS'!$F:$F,'BACKUP COUNTS'!$A:$A,$A7,'BACKUP COUNTS'!$B:$B,J$1,'BACKUP COUNTS'!$G:$G,J$2)=0,"",SUMIFS('BACKUP COUNTS'!$F:$F,'BACKUP COUNTS'!$A:$A,$A7,'BACKUP COUNTS'!$B:$B,J$1,'BACKUP COUNTS'!$G:$G,J$2)) | K7: =IF(SUMIFS('BACKUP COUNTS'!$F:$F,'BACKUP COUNTS'!$A:$A,$A7,'BACKUP COUNTS'!$B:$B,K$1,'BACKUP COUNTS'!$G:$G,K$2)=0,"",SUMIFS('BACKUP COUNTS'!$F:$F,'BACKUP COUNTS'!$A:$A,$A7,'BACKUP COUNTS'!$B:$B,K$1,'BACKUP COUNTS'!$G:$G,K$2)) | ... R7: =IF(SUMIFS('BACKUP COUNTS'!$F:$F,'BACKUP COUNTS'!$A:$A,$A7,'BACKUP COUNTS'!$B:$B,R$1,'BACKUP COUNTS'!$G:$G,R$2)=0,"",SUMIFS('BACKUP COUNTS'!$F:$F,'BACKUP COUNTS'!$A:$A,$A7,'BACKUP COUNTS'!$B:$B,R$1,'BACKUP COUNTS'!$G:$G,R$2))
A8: =IF(WEEKDAY(A7,2)=5,A7+3,A7+1) -> 45845 | C8: =IF(SUMIFS('BACKUP COUNTS'!$F:$F,'BACKUP COUNTS'!$A:$A,$A8,'BACKUP COUNTS'!$B:$B,C$2)=0,"",SUMIFS('BACKUP COUNTS'!$F:$F,'BACKUP COUNTS'!$A:$A,$A8,'BACKUP COUNTS'!$B:$B,C$2)) | D8: =IF(SUMIFS('BACKUP COUNTS'!$F:$F,'BACKUP COUNTS'!$A:$A,$A8,'BACKUP COUNTS'!$B:$B,D$1,'BACKUP COUNTS'!$G:$G,D$2)=0,"",SUMIFS('BACKUP COUNTS'!$F:$F,'BACKUP COUNTS'!$A:$A,$A8,'BACKUP COUNTS'!$B:$B,D$1,'BACKUP COUNTS'!$G:$G,D$2)) | E8: =IF(SUMIFS('BACKUP COUNTS'!$F:$F,'BACKUP COUNTS'!$A:$A,$A8,'BACKUP COUNTS'!$B:$B,E$1,'BACKUP COUNTS'!$G:$G,E$2)=0,"",SUMIFS('BACKUP COUNTS'!$F:$F,'BACKUP COUNTS'!$A:$A,$A8,'BACKUP COUNTS'!$B:$B,E$1,'BACKUP COUNTS'!$G:$G,E$2)) | F8: =IF(SUMIFS('BACKUP COUNTS'!$F:$F,'BACKUP COUNTS'!$A:$A,$A8,'BACKUP COUNTS'!$B:$B,F$1,'BACKUP COUNTS'!$G:$G,F$2)=0,"",SUMIFS('BACKUP COUNTS'!$F:$F,'BACKUP COUNTS'!$A:$A,$A8,'BACKUP COUNTS'!$B:$B,F$1,'BACKUP COUNTS'!$G:$G,F$2)) | G8: =IF(SUMIFS('BACKUP COUNTS'!$F:$F,'BACKUP COUNTS'!$A:$A,$A8,'BACKUP COUNTS'!$B:$B,G$1,'BACKUP COUNTS'!$G:$G,G$2)=0,"",SUMIFS('BACKUP COUNTS'!$F:$F,'BACKUP COUNTS'!$A:$A,$A8,'BACKUP COUNTS'!$B:$B,G$1,'BACKUP COUNTS'!$G:$G,G$2)) | H8: =IF(SUMIFS('BACKUP COUNTS'!$F:$F,'BACKUP COUNTS'!$A:$A,$A8,'BACKUP COUNTS'!$B:$B,H$1,'BACKUP COUNTS'!$G:$G,H$2)=0,"",SUMIFS('BACKUP COUNTS'!$F:$F,'BACKUP COUNTS'!$A:$A,$A8,'BACKUP COUNTS'!$B:$B,H$1,'BACKUP COUNTS'!$G:$G,H$2)) | I8: =IF(SUMIFS('BACKUP COUNTS'!$F:$F,'BACKUP COUNTS'!$A:$A,$A8,'BACKUP COUNTS'!$B:$B,I$1,'BACKUP COUNTS'!$G:$G,I$2)=0,"",SUMIFS('BACKUP COUNTS'!$F:$F,'BACKUP COUNTS'!$A:$A,$A8,'BACKUP COUNTS'!$B:$B,I$1,'BACKUP COUNTS'!$G:$G,I$2)) | J8: =IF(SUMIFS('BACKUP COUNTS'!$F:$F,'BACKUP COUNTS'!$A:$A,$A8,'BACKUP COUNTS'!$B:$B,J$1,'BACKUP COUNTS'!$G:$G,J$2)=0,"",SUMIFS('BACKUP COUNTS'!$F:$F,'BACKUP COUNTS'!$A:$A,$A8,'BACKUP COUNTS'!$B:$B,J$1,'BACKUP COUNTS'!$G:$G,J$2)) | K8: =IF(SUMIFS('BACKUP COUNTS'!$F:$F,'BACKUP COUNTS'!$A:$A,$A8,'BACKUP COUNTS'!$B:$B,K$1,'BACKUP COUNTS'!$G:$G,K$2)=0,"",SUMIFS('BACKUP COUNTS'!$F:$F,'BACKUP COUNTS'!$A:$A,$A8,'BACKUP COUNTS'!$B:$B,K$1,'BACKUP COUNTS'!$G:$G,K$2)) | ... R8: =IF(SUMIFS('BACKUP COUNTS'!$F:$F,'BACKUP COUNTS'!$A:$A,$A8,'BACKUP COUNTS'!$B:$B,R$1,'BACKUP COUNTS'!$G:$G,R$2)=0,"",SUMIFS('BACKUP COUNTS'!$F:$F,'BACKUP COUNTS'!$A:$A,$A8,'BACKUP COUNTS'!$B:$B,R$1,'BACKUP COUNTS'!$G:$G,R$2))
A9: =IF(WEEKDAY(A8,2)=5,A8+3,A8+1) -> 45846 | C9: =IF(SUMIFS('BACKUP COUNTS'!$F:$F,'BACKUP COUNTS'!$A:$A,$A9,'BACKUP COUNTS'!$B:$B,C$2)=0,"",SUMIFS('BACKUP COUNTS'!$F:$F,'BACKUP COUNTS'!$A:$A,$A9,'BACKUP COUNTS'!$B:$B,C$2)) | D9: =IF(SUMIFS('BACKUP COUNTS'!$F:$F,'BACKUP COUNTS'!$A:$A,$A9,'BACKUP COUNTS'!$B:$B,D$1,'BACKUP COUNTS'!$G:$G,D$2)=0,"",SUMIFS('BACKUP COUNTS'!$F:$F,'BACKUP COUNTS'!$A:$A,$A9,'BACKUP COUNTS'!$B:$B,D$1,'BACKUP COUNTS'!$G:$G,D$2)) | E9: =IF(SUMIFS('BACKUP COUNTS'!$F:$F,'BACKUP COUNTS'!$A:$A,$A9,'BACKUP COUNTS'!$B:$B,E$1,'BACKUP COUNTS'!$G:$G,E$2)=0,"",SUMIFS('BACKUP COUNTS'!$F:$F,'BACKUP COUNTS'!$A:$A,$A9,'BACKUP COUNTS'!$B:$B,E$1,'BACKUP COUNTS'!$G:$G,E$2)) | F9: =IF(SUMIFS('BACKUP COUNTS'!$F:$F,'BACKUP COUNTS'!$A:$A,$A9,'BACKUP COUNTS'!$B:$B,F$1,'BACKUP COUNTS'!$G:$G,F$2)=0,"",SUMIFS('BACKUP COUNTS'!$F:$F,'BACKUP COUNTS'!$A:$A,$A9,'BACKUP COUNTS'!$B:$B,F$1,'BACKUP COUNTS'!$G:$G,F$2)) | G9: =IF(SUMIFS('BACKUP COUNTS'!$F:$F,'BACKUP COUNTS'!$A:$A,$A9,'BACKUP COUNTS'!$B:$B,G$1,'BACKUP COUNTS'!$G:$G,G$2)=0,"",SUMIFS('BACKUP COUNTS'!$F:$F,'BACKUP COUNTS'!$A:$A,$A9,'BACKUP COUNTS'!$B:$B,G$1,'BACKUP COUNTS'!$G:$G,G$2)) | H9: =IF(SUMIFS('BACKUP COUNTS'!$F:$F,'BACKUP COUNTS'!$A:$A,$A9,'BACKUP COUNTS'!$B:$B,H$1,'BACKUP COUNTS'!$G:$G,H$2)=0,"",SUMIFS('BACKUP COUNTS'!$F:$F,'BACKUP COUNTS'!$A:$A,$A9,'BACKUP COUNTS'!$B:$B,H$1,'BACKUP COUNTS'!$G:$G,H$2)) | I9: =IF(SUMIFS('BACKUP COUNTS'!$F:$F,'BACKUP COUNTS'!$A:$A,$A9,'BACKUP COUNTS'!$B:$B,I$1,'BACKUP COUNTS'!$G:$G,I$2)=0,"",SUMIFS('BACKUP COUNTS'!$F:$F,'BACKUP COUNTS'!$A:$A,$A9,'BACKUP COUNTS'!$B:$B,I$1,'BACKUP COUNTS'!$G:$G,I$2)) | J9: =IF(SUMIFS('BACKUP COUNTS'!$F:$F,'BACKUP COUNTS'!$A:$A,$A9,'BACKUP COUNTS'!$B:$B,J$1,'BACKUP COUNTS'!$G:$G,J$2)=0,"",SUMIFS('BACKUP COUNTS'!$F:$F,'BACKUP COUNTS'!$A:$A,$A9,'BACKUP COUNTS'!$B:$B,J$1,'BACKUP COUNTS'!$G:$G,J$2)) | K9: =IF(SUMIFS('BACKUP COUNTS'!$F:$F,'BACKUP COUNTS'!$A:$A,$A9,'BACKUP COUNTS'!$B:$B,K$1,'BACKUP COUNTS'!$G:$G,K$2)=0,"",SUMIFS('BACKUP COUNTS'!$F:$F,'BACKUP COUNTS'!$A:$A,$A9,'BACKUP COUNTS'!$B:$B,K$1,'BACKUP COUNTS'!$G:$G,K$2)) | ... R9: =IF(SUMIFS('BACKUP COUNTS'!$F:$F,'BACKUP COUNTS'!$A:$A,$A9,'BACKUP COUNTS'!$B:$B,R$1,'BACKUP COUNTS'!$G:$G,R$2)=0,"",SUMIFS('BACKUP COUNTS'!$F:$F,'BACKUP COUNTS'!$A:$A,$A9,'BACKUP COUNTS'!$B:$B,R$1,'BACKUP COUNTS'!$G:$G,R$2))
A10: =IF(WEEKDAY(A9,2)=5,A9+3,A9+1) -> 45847 | C10: =IF(SUMIFS('BACKUP COUNTS'!$F:$F,'BACKUP COUNTS'!$A:$A,$A10,'BACKUP COUNTS'!$B:$B,C$2)=0,"",SUMIFS('BACKUP COUNTS'!$F:$F,'BACKUP COUNTS'!$A:$A,$A10,'BACKUP COUNTS'!$B:$B,C$2)) | D10: =IF(SUMIFS('BACKUP COUNTS'!$F:$F,'BACKUP COUNTS'!$A:$A,$A10,'BACKUP COUNTS'!$B:$B,D$1,'BACKUP COUNTS'!$G:$G,D$2)=0,"",SUMIFS('BACKUP COUNTS'!$F:$F,'BACKUP COUNTS'!$A:$A,$A10,'BACKUP COUNTS'!$B:$B,D$1,'BACKUP COUNTS'!$G:$G,D$2)) | E10: =IF(SUMIFS('BACKUP COUNTS'!$F:$F,'BACKUP COUNTS'!$A:$A,$A10,'BACKUP COUNTS'!$B:$B,E$1,'BACKUP COUNTS'!$G:$G,E$2)=0,"",SUMIFS('BACKUP COUNTS'!$F:$F,'BACKUP COUNTS'!$A:$A,$A10,'BACKUP COUNTS'!$B:$B,E$1,'BACKUP COUNTS'!$G:$G,E$2)) | F10: =IF(SUMIFS('BACKUP COUNTS'!$F:$F,'BACKUP COUNTS'!$A:$A,$A10,'BACKUP COUNTS'!$B:$B,F$1,'BACKUP COUNTS'!$G:$G,F$2)=0,"",SUMIFS('BACKUP COUNTS'!$F:$F,'BACKUP COUNTS'!$A:$A,$A10,'BACKUP COUNTS'!$B:$B,F$1,'BACKUP COUNTS'!$G:$G,F$2)) | G10: =IF(SUMIFS('BACKUP COUNTS'!$F:$F,'BACKUP COUNTS'!$A:$A,$A10,'BACKUP COUNTS'!$B:$B,G$1,'BACKUP COUNTS'!$G:$G,G$2)=0,"",SUMIFS('BACKUP COUNTS'!$F:$F,'BACKUP COUNTS'!$A:$A,$A10,'BACKUP COUNTS'!$B:$B,G$1,'BACKUP COUNTS'!$G:$G,G$2)) | H10: =IF(SUMIFS('BACKUP COUNTS'!$F:$F,'BACKUP COUNTS'!$A:$A,$A10,'BACKUP COUNTS'!$B:$B,H$1,'BACKUP COUNTS'!$G:$G,H$2)=0,"",SUMIFS('BACKUP COUNTS'!$F:$F,'BACKUP COUNTS'!$A:$A,$A10,'BACKUP COUNTS'!$B:$B,H$1,'BACKUP COUNTS'!$G:$G,H$2)) | I10: =IF(SUMIFS('BACKUP COUNTS'!$F:$F,'BACKUP COUNTS'!$A:$A,$A10,'BACKUP COUNTS'!$B:$B,I$1,'BACKUP COUNTS'!$G:$G,I$2)=0,"",SUMIFS('BACKUP COUNTS'!$F:$F,'BACKUP COUNTS'!$A:$A,$A10,'BACKUP COUNTS'!$B:$B,I$1,'BACKUP COUNTS'!$G:$G,I$2)) | J10: =IF(SUMIFS('BACKUP COUNTS'!$F:$F,'BACKUP COUNTS'!$A:$A,$A10,'BACKUP COUNTS'!$B:$B,J$1,'BACKUP COUNTS'!$G:$G,J$2)=0,"",SUMIFS('BACKUP COUNTS'!$F:$F,'BACKUP COUNTS'!$A:$A,$A10,'BACKUP COUNTS'!$B:$B,J$1,'BACKUP COUNTS'!$G:$G,J$2)) | K10: =IF(SUMIFS('BACKUP COUNTS'!$F:$F,'BACKUP COUNTS'!$A:$A,$A10,'BACKUP COUNTS'!$B:$B,K$1,'BACKUP COUNTS'!$G:$G,K$2)=0,"",SUMIFS('BACKUP COUNTS'!$F:$F,'BACKUP COUNTS'!$A:$A,$A10,'BACKUP COUNTS'!$B:$B,K$1,'BACKUP COUNTS'!$G:$G,K$2)) | ... R10: =IF(SUMIFS('BACKUP COUNTS'!$F:$F,'BACKUP COUNTS'!$A:$A,$A10,'BACKUP COUNTS'!$B:$B,R$1,'BACKUP COUNTS'!$G:$G,R$2)=0,"",SUMIFS('BACKUP COUNTS'!$F:$F,'BACKUP COUNTS'!$A:$A,$A10,'BACKUP COUNTS'!$B:$B,R$1,'BACKUP COUNTS'!$G:$G,R$2))
A11: =IF(WEEKDAY(A10,2)=5,A10+3,A10+1) -> 45848 | C11: =IF(SUMIFS('BACKUP COUNTS'!$F:$F,'BACKUP COUNTS'!$A:$A,$A11,'BACKUP COUNTS'!$B:$B,C$2)=0,"",SUMIFS('BACKUP COUNTS'!$F:$F,'BACKUP COUNTS'!$A:$A,$A11,'BACKUP COUNTS'!$B:$B,C$2)) | D11: =IF(SUMIFS('BACKUP COUNTS'!$F:$F,'BACKUP COUNTS'!$A:$A,$A11,'BACKUP COUNTS'!$B:$B,D$1,'BACKUP COUNTS'!$G:$G,D$2)=0,"",SUMIFS('BACKUP COUNTS'!$F:$F,'BACKUP COUNTS'!$A:$A,$A11,'BACKUP COUNTS'!$B:$B,D$1,'BACKUP COUNTS'!$G:$G,D$2)) | E11: =IF(SUMIFS('BACKUP COUNTS'!$F:$F,'BACKUP COUNTS'!$A:$A,$A11,'BACKUP COUNTS'!$B:$B,E$1,'BACKUP COUNTS'!$G:$G,E$2)=0,"",SUMIFS('BACKUP COUNTS'!$F:$F,'BACKUP COUNTS'!$A:$A,$A11,'BACKUP COUNTS'!$B:$B,E$1,'BACKUP COUNTS'!$G:$G,E$2)) | F11: =IF(SUMIFS('BACKUP COUNTS'!$F:$F,'BACKUP COUNTS'!$A:$A,$A11,'BACKUP COUNTS'!$B:$B,F$1,'BACKUP COUNTS'!$G:$G,F$2)=0,"",SUMIFS('BACKUP COUNTS'!$F:$F,'BACKUP COUNTS'!$A:$A,$A11,'BACKUP COUNTS'!$B:$B,F$1,'BACKUP COUNTS'!$G:$G,F$2)) | G11: =IF(SUMIFS('BACKUP COUNTS'!$F:$F,'BACKUP COUNTS'!$A:$A,$A11,'BACKUP COUNTS'!$B:$B,G$1,'BACKUP COUNTS'!$G:$G,G$2)=0,"",SUMIFS('BACKUP COUNTS'!$F:$F,'BACKUP COUNTS'!$A:$A,$A11,'BACKUP COUNTS'!$B:$B,G$1,'BACKUP COUNTS'!$G:$G,G$2)) | H11: =IF(SUMIFS('BACKUP COUNTS'!$F:$F,'BACKUP COUNTS'!$A:$A,$A11,'BACKUP COUNTS'!$B:$B,H$1,'BACKUP COUNTS'!$G:$G,H$2)=0,"",SUMIFS('BACKUP COUNTS'!$F:$F,'BACKUP COUNTS'!$A:$A,$A11,'BACKUP COUNTS'!$B:$B,H$1,'BACKUP COUNTS'!$G:$G,H$2)) | I11: =IF(SUMIFS('BACKUP COUNTS'!$F:$F,'BACKUP COUNTS'!$A:$A,$A11,'BACKUP COUNTS'!$B:$B,I$1,'BACKUP COUNTS'!$G:$G,I$2)=0,"",SUMIFS('BACKUP COUNTS'!$F:$F,'BACKUP COUNTS'!$A:$A,$A11,'BACKUP COUNTS'!$B:$B,I$1,'BACKUP COUNTS'!$G:$G,I$2)) | J11: =IF(SUMIFS('BACKUP COUNTS'!$F:$F,'BACKUP COUNTS'!$A:$A,$A11,'BACKUP COUNTS'!$B:$B,J$1,'BACKUP COUNTS'!$G:$G,J$2)=0,"",SUMIFS('BACKUP COUNTS'!$F:$F,'BACKUP COUNTS'!$A:$A,$A11,'BACKUP COUNTS'!$B:$B,J$1,'BACKUP COUNTS'!$G:$G,J$2)) | K11: =IF(SUMIFS('BACKUP COUNTS'!$F:$F,'BACKUP COUNTS'!$A:$A,$A11,'BACKUP COUNTS'!$B:$B,K$1,'BACKUP COUNTS'!$G:$G,K$2)=0,"",SUMIFS('BACKUP COUNTS'!$F:$F,'BACKUP COUNTS'!$A:$A,$A11,'BACKUP COUNTS'!$B:$B,K$1,'BACKUP COUNTS'!$G:$G,K$2)) | ... R11: =IF(SUMIFS('BACKUP COUNTS'!$F:$F,'BACKUP COUNTS'!$A:$A,$A11,'BACKUP COUNTS'!$B:$B,R$1,'BACKUP COUNTS'!$G:$G,R$2)=0,"",SUMIFS('BACKUP COUNTS'!$F:$F,'BACKUP COUNTS'!$A:$A,$A11,'BACKUP COUNTS'!$B:$B,R$1,'BACKUP COUNTS'!$G:$G,R$2))
A12: =IF(WEEKDAY(A11,2)=5,A11+3,A11+1) -> 45849 | C12: =IF(SUMIFS('BACKUP COUNTS'!$F:$F,'BACKUP COUNTS'!$A:$A,$A12,'BACKUP COUNTS'!$B:$B,C$2)=0,"",SUMIFS('BACKUP COUNTS'!$F:$F,'BACKUP COUNTS'!$A:$A,$A12,'BACKUP COUNTS'!$B:$B,C$2)) | D12: =IF(SUMIFS('BACKUP COUNTS'!$F:$F,'BACKUP COUNTS'!$A:$A,$A12,'BACKUP COUNTS'!$B:$B,D$1,'BACKUP COUNTS'!$G:$G,D$2)=0,"",SUMIFS('BACKUP COUNTS'!$F:$F,'BACKUP COUNTS'!$A:$A,$A12,'BACKUP COUNTS'!$B:$B,D$1,'BACKUP COUNTS'!$G:$G,D$2)) | E12: =IF(SUMIFS('BACKUP COUNTS'!$F:$F,'BACKUP COUNTS'!$A:$A,$A12,'BACKUP COUNTS'!$B:$B,E$1,'BACKUP COUNTS'!$G:$G,E$2)=0,"",SUMIFS('BACKUP COUNTS'!$F:$F,'BACKUP COUNTS'!$A:$A,$A12,'BACKUP COUNTS'!$B:$B,E$1,'BACKUP COUNTS'!$G:$G,E$2)) | F12: =IF(SUMIFS('BACKUP COUNTS'!$F:$F,'BACKUP COUNTS'!$A:$A,$A12,'BACKUP COUNTS'!$B:$B,F$1,'BACKUP COUNTS'!$G:$G,F$2)=0,"",SUMIFS('BACKUP COUNTS'!$F:$F,'BACKUP COUNTS'!$A:$A,$A12,'BACKUP COUNTS'!$B:$B,F$1,'BACKUP COUNTS'!$G:$G,F$2)) | G12: =IF(SUMIFS('BACKUP COUNTS'!$F:$F,'BACKUP COUNTS'!$A:$A,$A12,'BACKUP COUNTS'!$B:$B,G$1,'BACKUP COUNTS'!$G:$G,G$2)=0,"",SUMIFS('BACKUP COUNTS'!$F:$F,'BACKUP COUNTS'!$A:$A,$A12,'BACKUP COUNTS'!$B:$B,G$1,'BACKUP COUNTS'!$G:$G,G$2)) | H12: =IF(SUMIFS('BACKUP COUNTS'!$F:$F,'BACKUP COUNTS'!$A:$A,$A12,'BACKUP COUNTS'!$B:$B,H$1,'BACKUP COUNTS'!$G:$G,H$2)=0,"",SUMIFS('BACKUP COUNTS'!$F:$F,'BACKUP COUNTS'!$A:$A,$A12,'BACKUP COUNTS'!$B:$B,H$1,'BACKUP COUNTS'!$G:$G,H$2)) | I12: =IF(SUMIFS('BACKUP COUNTS'!$F:$F,'BACKUP COUNTS'!$A:$A,$A12,'BACKUP COUNTS'!$B:$B,I$1,'BACKUP COUNTS'!$G:$G,I$2)=0,"",SUMIFS('BACKUP COUNTS'!$F:$F,'BACKUP COUNTS'!$A:$A,$A12,'BACKUP COUNTS'!$B:$B,I$1,'BACKUP COUNTS'!$G:$G,I$2)) | J12: =IF(SUMIFS('BACKUP COUNTS'!$F:$F,'BACKUP COUNTS'!$A:$A,$A12,'BACKUP COUNTS'!$B:$B,J$1,'BACKUP COUNTS'!$G:$G,J$2)=0,"",SUMIFS('BACKUP COUNTS'!$F:$F,'BACKUP COUNTS'!$A:$A,$A12,'BACKUP COUNTS'!$B:$B,J$1,'BACKUP COUNTS'!$G:$G,J$2)) | K12: =IF(SUMIFS('BACKUP COUNTS'!$F:$F,'BACKUP COUNTS'!$A:$A,$A12,'BACKUP COUNTS'!$B:$B,K$1,'BACKUP COUNTS'!$G:$G,K$2)=0,"",SUMIFS('BACKUP COUNTS'!$F:$F,'BACKUP COUNTS'!$A:$A,$A12,'BACKUP COUNTS'!$B:$B,K$1,'BACKUP COUNTS'!$G:$G,K$2)) | ... R12: =IF(SUMIFS('BACKUP COUNTS'!$F:$F,'BACKUP COUNTS'!$A:$A,$A12,'BACKUP COUNTS'!$B:$B,R$1,'BACKUP COUNTS'!$G:$G,R$2)=0,"",SUMIFS('BACKUP COUNTS'!$F:$F,'BACKUP COUNTS'!$A:$A,$A12,'BACKUP COUNTS'!$B:$B,R$1,'BACKUP COUNTS'!$G:$G,R$2))
A13: =IF(WEEKDAY(A12,2)=5,A12+3,A12+1) -> 45852 | C13: =IF(SUMIFS('BACKUP COUNTS'!$F:$F,'BACKUP COUNTS'!$A:$A,$A13,'BACKUP COUNTS'!$B:$B,C$2)=0,"",SUMIFS('BACKUP COUNTS'!$F:$F,'BACKUP COUNTS'!$A:$A,$A13,'BACKUP COUNTS'!$B:$B,C$2)) | D13: =IF(SUMIFS('BACKUP COUNTS'!$F:$F,'BACKUP COUNTS'!$A:$A,$A13,'BACKUP COUNTS'!$B:$B,D$1,'BACKUP COUNTS'!$G:$G,D$2)=0,"",SUMIFS('BACKUP COUNTS'!$F:$F,'BACKUP COUNTS'!$A:$A,$A13,'BACKUP COUNTS'!$B:$B,D$1,'BACKUP COUNTS'!$G:$G,D$2)) | E13: =IF(SUMIFS('BACKUP COUNTS'!$F:$F,'BACKUP COUNTS'!$A:$A,$A13,'BACKUP COUNTS'!$B:$B,E$1,'BACKUP COUNTS'!$G:$G,E$2)=0,"",SUMIFS('BACKUP COUNTS'!$F:$F,'BACKUP COUNTS'!$A:$A,$A13,'BACKUP COUNTS'!$B:$B,E$1,'BACKUP COUNTS'!$G:$G,E$2)) | F13: =IF(SUMIFS('BACKUP COUNTS'!$F:$F,'BACKUP COUNTS'!$A:$A,$A13,'BACKUP COUNTS'!$B:$B,F$1,'BACKUP COUNTS'!$G:$G,F$2)=0,"",SUMIFS('BACKUP COUNTS'!$F:$F,'BACKUP COUNTS'!$A:$A,$A13,'BACKUP COUNTS'!$B:$B,F$1,'BACKUP COUNTS'!$G:$G,F$2)) | G13: =IF(SUMIFS('BACKUP COUNTS'!$F:$F,'BACKUP COUNTS'!$A:$A,$A13,'BACKUP COUNTS'!$B:$B,G$1,'BACKUP COUNTS'!$G:$G,G$2)=0,"",SUMIFS('BACKUP COUNTS'!$F:$F,'BACKUP COUNTS'!$A:$A,$A13,'BACKUP COUNTS'!$B:$B,G$1,'BACKUP COUNTS'!$G:$G,G$2)) | H13: =IF(SUMIFS('BACKUP COUNTS'!$F:$F,'BACKUP COUNTS'!$A:$A,$A13,'BACKUP COUNTS'!$B:$B,H$1,'BACKUP COUNTS'!$G:$G,H$2)=0,"",SUMIFS('BACKUP COUNTS'!$F:$F,'BACKUP COUNTS'!$A:$A,$A13,'BACKUP COUNTS'!$B:$B,H$1,'BACKUP COUNTS'!$G:$G,H$2)) | I13: =IF(SUMIFS('BACKUP COUNTS'!$F:$F,'BACKUP COUNTS'!$A:$A,$A13,'BACKUP COUNTS'!$B:$B,I$1,'BACKUP COUNTS'!$G:$G,I$2)=0,"",SUMIFS('BACKUP COUNTS'!$F:$F,'BACKUP COUNTS'!$A:$A,$A13,'BACKUP COUNTS'!$B:$B,I$1,'BACKUP COUNTS'!$G:$G,I$2)) | J13: =IF(SUMIFS('BACKUP COUNTS'!$F:$F,'BACKUP COUNTS'!$A:$A,$A13,'BACKUP COUNTS'!$B:$B,J$1,'BACKUP COUNTS'!$G:$G,J$2)=0,"",SUMIFS('BACKUP COUNTS'!$F:$F,'BACKUP COUNTS'!$A:$A,$A13,'BACKUP COUNTS'!$B:$B,J$1,'BACKUP COUNTS'!$G:$G,J$2)) | K13: =IF(SUMIFS('BACKUP COUNTS'!$F:$F,'BACKUP COUNTS'!$A:$A,$A13,'BACKUP COUNTS'!$B:$B,K$1,'BACKUP COUNTS'!$G:$G,K$2)=0,"",SUMIFS('BACKUP COUNTS'!$F:$F,'BACKUP COUNTS'!$A:$A,$A13,'BACKUP COUNTS'!$B:$B,K$1,'BACKUP COUNTS'!$G:$G,K$2)) | ... R13: =IF(SUMIFS('BACKUP COUNTS'!$F:$F,'BACKUP COUNTS'!$A:$A,$A13,'BACKUP COUNTS'!$B:$B,R$1,'BACKUP COUNTS'!$G:$G,R$2)=0,"",SUMIFS('BACKUP COUNTS'!$F:$F,'BACKUP COUNTS'!$A:$A,$A13,'BACKUP COUNTS'!$B:$B,R$1,'BACKUP COUNTS'!$G:$G,R$2))
A14: =IF(WEEKDAY(A13,2)=5,A13+3,A13+1) -> 45853 | C14: =IF(SUMIFS('BACKUP COUNTS'!$F:$F,'BACKUP COUNTS'!$A:$A,$A14,'BACKUP COUNTS'!$B:$B,C$2)=0,"",SUMIFS('BACKUP COUNTS'!$F:$F,'BACKUP COUNTS'!$A:$A,$A14,'BACKUP COUNTS'!$B:$B,C$2)) | D14: =IF(SUMIFS('BACKUP COUNTS'!$F:$F,'BACKUP COUNTS'!$A:$A,$A14,'BACKUP COUNTS'!$B:$B,D$1,'BACKUP COUNTS'!$G:$G,D$2)=0,"",SUMIFS('BACKUP COUNTS'!$F:$F,'BACKUP COUNTS'!$A:$A,$A14,'BACKUP COUNTS'!$B:$B,D$1,'BACKUP COUNTS'!$G:$G,D$2)) | E14: =IF(SUMIFS('BACKUP COUNTS'!$F:$F,'BACKUP COUNTS'!$A:$A,$A14,'BACKUP COUNTS'!$B:$B,E$1,'BACKUP COUNTS'!$G:$G,E$2)=0,"",SUMIFS('BACKUP COUNTS'!$F:$F,'BACKUP COUNTS'!$A:$A,$A14,'BACKUP COUNTS'!$B:$B,E$1,'BACKUP COUNTS'!$G:$G,E$2)) | F14: =IF(SUMIFS('BACKUP COUNTS'!$F:$F,'BACKUP COUNTS'!$A:$A,$A14,'BACKUP COUNTS'!$B:$B,F$1,'BACKUP COUNTS'!$G:$G,F$2)=0,"",SUMIFS('BACKUP COUNTS'!$F:$F,'BACKUP COUNTS'!$A:$A,$A14,'BACKUP COUNTS'!$B:$B,F$1,'BACKUP COUNTS'!$G:$G,F$2)) | G14: =IF(SUMIFS('BACKUP COUNTS'!$F:$F,'BACKUP COUNTS'!$A:$A,$A14,'BACKUP COUNTS'!$B:$B,G$1,'BACKUP COUNTS'!$G:$G,G$2)=0,"",SUMIFS('BACKUP COUNTS'!$F:$F,'BACKUP COUNTS'!$A:$A,$A14,'BACKUP COUNTS'!$B:$B,G$1,'BACKUP COUNTS'!$G:$G,G$2)) | H14: =IF(SUMIFS('BACKUP COUNTS'!$F:$F,'BACKUP COUNTS'!$A:$A,$A14,'BACKUP COUNTS'!$B:$B,H$1,'BACKUP COUNTS'!$G:$G,H$2)=0,"",SUMIFS('BACKUP COUNTS'!$F:$F,'BACKUP COUNTS'!$A:$A,$A14,'BACKUP COUNTS'!$B:$B,H$1,'BACKUP COUNTS'!$G:$G,H$2)) | I14: =IF(SUMIFS('BACKUP COUNTS'!$F:$F,'BACKUP COUNTS'!$A:$A,$A14,'BACKUP COUNTS'!$B:$B,I$1,'BACKUP COUNTS'!$G:$G,I$2)=0,"",SUMIFS('BACKUP COUNTS'!$F:$F,'BACKUP COUNTS'!$A:$A,$A14,'BACKUP COUNTS'!$B:$B,I$1,'BACKUP COUNTS'!$G:$G,I$2)) | J14: =IF(SUMIFS('BACKUP COUNTS'!$F:$F,'BACKUP COUNTS'!$A:$A,$A14,'BACKUP COUNTS'!$B:$B,J$1,'BACKUP COUNTS'!$G:$G,J$2)=0,"",SUMIFS('BACKUP COUNTS'!$F:$F,'BACKUP COUNTS'!$A:$A,$A14,'BACKUP COUNTS'!$B:$B,J$1,'BACKUP COUNTS'!$G:$G,J$2)) | K14: =IF(SUMIFS('BACKUP COUNTS'!$F:$F,'BACKUP COUNTS'!$A:$A,$A14,'BACKUP COUNTS'!$B:$B,K$1,'BACKUP COUNTS'!$G:$G,K$2)=0,"",SUMIFS('BACKUP COUNTS'!$F:$F,'BACKUP COUNTS'!$A:$A,$A14,'BACKUP COUNTS'!$B:$B,K$1,'BACKUP COUNTS'!$G:$G,K$2)) | ... R14: =IF(SUMIFS('BACKUP COUNTS'!$F:$F,'BACKUP COUNTS'!$A:$A,$A14,'BACKUP COUNTS'!$B:$B,R$1,'BACKUP COUNTS'!$G:$G,R$2)=0,"",SUMIFS('BACKUP COUNTS'!$F:$F,'BACKUP COUNTS'!$A:$A,$A14,'BACKUP COUNTS'!$B:$B,R$1,'BACKUP COUNTS'!$G:$G,R$2))
A15: =IF(WEEKDAY(A14,2)=5,A14+3,A14+1) -> 45854 | C15: =IF(SUMIFS('BACKUP COUNTS'!$F:$F,'BACKUP COUNTS'!$A:$A,$A15,'BACKUP COUNTS'!$B:$B,C$2)=0,"",SUMIFS('BACKUP COUNTS'!$F:$F,'BACKUP COUNTS'!$A:$A,$A15,'BACKUP COUNTS'!$B:$B,C$2)) | D15: =IF(SUMIFS('BACKUP COUNTS'!$F:$F,'BACKUP COUNTS'!$A:$A,$A15,'BACKUP COUNTS'!$B:$B,D$1,'BACKUP COUNTS'!$G:$G,D$2)=0,"",SUMIFS('BACKUP COUNTS'!$F:$F,'BACKUP COUNTS'!$A:$A,$A15,'BACKUP COUNTS'!$B:$B,D$1,'BACKUP COUNTS'!$G:$G,D$2)) | E15: =IF(SUMIFS('BACKUP COUNTS'!$F:$F,'BACKUP COUNTS'!$A:$A,$A15,'BACKUP COUNTS'!$B:$B,E$1,'BACKUP COUNTS'!$G:$G,E$2)=0,"",SUMIFS('BACKUP COUNTS'!$F:$F,'BACKUP COUNTS'!$A:$A,$A15,'BACKUP COUNTS'!$B:$B,E$1,'BACKUP COUNTS'!$G:$G,E$2)) | F15: =IF(SUMIFS('BACKUP COUNTS'!$F:$F,'BACKUP COUNTS'!$A:$A,$A15,'BACKUP COUNTS'!$B:$B,F$1,'BACKUP COUNTS'!$G:$G,F$2)=0,"",SUMIFS('BACKUP COUNTS'!$F:$F,'BACKUP COUNTS'!$A:$A,$A15,'BACKUP COUNTS'!$B:$B,F$1,'BACKUP COUNTS'!$G:$G,F$2)) | G15: =IF(SUMIFS('BACKUP COUNTS'!$F:$F,'BACKUP COUNTS'!$A:$A,$A15,'BACKUP COUNTS'!$B:$B,G$1,'BACKUP COUNTS'!$G:$G,G$2)=0,"",SUMIFS('BACKUP COUNTS'!$F:$F,'BACKUP COUNTS'!$A:$A,$A15,'BACKUP COUNTS'!$B:$B,G$1,'BACKUP COUNTS'!$G:$G,G$2)) | H15: =IF(SUMIFS('BACKUP COUNTS'!$F:$F,'BACKUP COUNTS'!$A:$A,$A15,'BACKUP COUNTS'!$B:$B,H$1,'BACKUP COUNTS'!$G:$G,H$2)=0,"",SUMIFS('BACKUP COUNTS'!$F:$F,'BACKUP COUNTS'!$A:$A,$A15,'BACKUP COUNTS'!$B:$B,H$1,'BACKUP COUNTS'!$G:$G,H$2)) | I15: =IF(SUMIFS('BACKUP COUNTS'!$F:$F,'BACKUP COUNTS'!$A:$A,$A15,'BACKUP COUNTS'!$B:$B,I$1,'BACKUP COUNTS'!$G:$G,I$2)=0,"",SUMIFS('BACKUP COUNTS'!$F:$F,'BACKUP COUNTS'!$A:$A,$A15,'BACKUP COUNTS'!$B:$B,I$1,'BACKUP COUNTS'!$G:$G,I$2)) | J15: =IF(SUMIFS('BACKUP COUNTS'!$F:$F,'BACKUP COUNTS'!$A:$A,$A15,'BACKUP COUNTS'!$B:$B,J$1,'BACKUP COUNTS'!$G:$G,J$2)=0,"",SUMIFS('BACKUP COUNTS'!$F:$F,'BACKUP COUNTS'!$A:$A,$A15,'BACKUP COUNTS'!$B:$B,J$1,'BACKUP COUNTS'!$G:$G,J$2)) | K15: =IF(SUMIFS('BACKUP COUNTS'!$F:$F,'BACKUP COUNTS'!$A:$A,$A15,'BACKUP COUNTS'!$B:$B,K$1,'BACKUP COUNTS'!$G:$G,K$2)=0,"",SUMIFS('BACKUP COUNTS'!$F:$F,'BACKUP COUNTS'!$A:$A,$A15,'BACKUP COUNTS'!$B:$B,K$1,'BACKUP COUNTS'!$G:$G,K$2)) | ... R15: =IF(SUMIFS('BACKUP COUNTS'!$F:$F,'BACKUP COUNTS'!$A:$A,$A15,'BACKUP COUNTS'!$B:$B,R$1,'BACKUP COUNTS'!$G:$G,R$2)=0,"",SUMIFS('BACKUP COUNTS'!$F:$F,'BACKUP COUNTS'!$A:$A,$A15,'BACKUP COUNTS'!$B:$B,R$1,'BACKUP COUNTS'!$G:$G,R$2))
A16: =IF(WEEKDAY(A15,2)=5,A15+3,A15+1) -> 45855 | C16: =IF(SUMIFS('BACKUP COUNTS'!$F:$F,'BACKUP COUNTS'!$A:$A,$A16,'BACKUP COUNTS'!$B:$B,C$2)=0,"",SUMIFS('BACKUP COUNTS'!$F:$F,'BACKUP COUNTS'!$A:$A,$A16,'BACKUP COUNTS'!$B:$B,C$2)) | D16: =IF(SUMIFS('BACKUP COUNTS'!$F:$F,'BACKUP COUNTS'!$A:$A,$A16,'BACKUP COUNTS'!$B:$B,D$1,'BACKUP COUNTS'!$G:$G,D$2)=0,"",SUMIFS('BACKUP COUNTS'!$F:$F,'BACKUP COUNTS'!$A:$A,$A16,'BACKUP COUNTS'!$B:$B,D$1,'BACKUP COUNTS'!$G:$G,D$2)) | E16: =IF(SUMIFS('BACKUP COUNTS'!$F:$F,'BACKUP COUNTS'!$A:$A,$A16,'BACKUP COUNTS'!$B:$B,E$1,'BACKUP COUNTS'!$G:$G,E$2)=0,"",SUMIFS('BACKUP COUNTS'!$F:$F,'BACKUP COUNTS'!$A:$A,$A16,'BACKUP COUNTS'!$B:$B,E$1,'BACKUP COUNTS'!$G:$G,E$2)) | F16: =IF(SUMIFS('BACKUP COUNTS'!$F:$F,'BACKUP COUNTS'!$A:$A,$A16,'BACKUP COUNTS'!$B:$B,F$1,'BACKUP COUNTS'!$G:$G,F$2)=0,"",SUMIFS('BACKUP COUNTS'!$F:$F,'BACKUP COUNTS'!$A:$A,$A16,'BACKUP COUNTS'!$B:$B,F$1,'BACKUP COUNTS'!$G:$G,F$2)) | G16: =IF(SUMIFS('BACKUP COUNTS'!$F:$F,'BACKUP COUNTS'!$A:$A,$A16,'BACKUP COUNTS'!$B:$B,G$1,'BACKUP COUNTS'!$G:$G,G$2)=0,"",SUMIFS('BACKUP COUNTS'!$F:$F,'BACKUP COUNTS'!$A:$A,$A16,'BACKUP COUNTS'!$B:$B,G$1,'BACKUP COUNTS'!$G:$G,G$2)) | H16: =IF(SUMIFS('BACKUP COUNTS'!$F:$F,'BACKUP COUNTS'!$A:$A,$A16,'BACKUP COUNTS'!$B:$B,H$1,'BACKUP COUNTS'!$G:$G,H$2)=0,"",SUMIFS('BACKUP COUNTS'!$F:$F,'BACKUP COUNTS'!$A:$A,$A16,'BACKUP COUNTS'!$B:$B,H$1,'BACKUP COUNTS'!$G:$G,H$2)) | I16: =IF(SUMIFS('BACKUP COUNTS'!$F:$F,'BACKUP COUNTS'!$A:$A,$A16,'BACKUP COUNTS'!$B:$B,I$1,'BACKUP COUNTS'!$G:$G,I$2)=0,"",SUMIFS('BACKUP COUNTS'!$F:$F,'BACKUP COUNTS'!$A:$A,$A16,'BACKUP COUNTS'!$B:$B,I$1,'BACKUP COUNTS'!$G:$G,I$2)) | J16: =IF(SUMIFS('BACKUP COUNTS'!$F:$F,'BACKUP COUNTS'!$A:$A,$A16,'BACKUP COUNTS'!$B:$B,J$1,'BACKUP COUNTS'!$G:$G,J$2)=0,"",SUMIFS('BACKUP COUNTS'!$F:$F,'BACKUP COUNTS'!$A:$A,$A16,'BACKUP COUNTS'!$B:$B,J$1,'BACKUP COUNTS'!$G:$G,J$2)) | K16: =IF(SUMIFS('BACKUP COUNTS'!$F:$F,'BACKUP COUNTS'!$A:$A,$A16,'BACKUP COUNTS'!$B:$B,K$1,'BACKUP COUNTS'!$G:$G,K$2)=0,"",SUMIFS('BACKUP COUNTS'!$F:$F,'BACKUP COUNTS'!$A:$A,$A16,'BACKUP COUNTS'!$B:$B,K$1,'BACKUP COUNTS'!$G:$G,K$2)) | ... R16: =IF(SUMIFS('BACKUP COUNTS'!$F:$F,'BACKUP COUNTS'!$A:$A,$A16,'BACKUP COUNTS'!$B:$B,R$1,'BACKUP COUNTS'!$G:$G,R$2)=0,"",SUMIFS('BACKUP COUNTS'!$F:$F,'BACKUP COUNTS'!$A:$A,$A16,'BACKUP COUNTS'!$B:$B,R$1,'BACKUP COUNTS'!$G:$G,R$2))
... A182: =IF(WEEKDAY(A181,2)=5,A181+3,A181+1) -> 46087 | C182: =IF(SUMIFS('BACKUP COUNTS'!$F:$F,'BACKUP COUNTS'!$A:$A,$A182,'BACKUP COUNTS'!$B:$B,C$2)=0,"",SUMIFS('BACKUP COUNTS'!$F:$F,'BACKUP COUNTS'!$A:$A,$A182,'BACKUP COUNTS'!$B:$B,C$2)) | D182: =IF(SUMIFS('BACKUP COUNTS'!$F:$F,'BACKUP COUNTS'!$A:$A,$A182,'BACKUP COUNTS'!$B:$B,D$1,'BACKUP COUNTS'!$G:$G,D$2)=0,"",SUMIFS('BACKUP COUNTS'!$F:$F,'BACKUP COUNTS'!$A:$A,$A182,'BACKUP COUNTS'!$B:$B,D$1,'BACKUP COUNTS'!$G:$G,D$2)) | E182: =IF(SUMIFS('BACKUP COUNTS'!$F:$F,'BACKUP COUNTS'!$A:$A,$A182,'BACKUP COUNTS'!$B:$B,E$1,'BACKUP COUNTS'!$G:$G,E$2)=0,"",SUMIFS('BACKUP COUNTS'!$F:$F,'BACKUP COUNTS'!$A:$A,$A182,'BACKUP COUNTS'!$B:$B,E$1,'BACKUP COUNTS'!$G:$G,E$2)) | F182: =IF(SUMIFS('BACKUP COUNTS'!$F:$F,'BACKUP COUNTS'!$A:$A,$A182,'BACKUP COUNTS'!$B:$B,F$1,'BACKUP COUNTS'!$G:$G,F$2)=0,"",SUMIFS('BACKUP COUNTS'!$F:$F,'BACKUP COUNTS'!$A:$A,$A182,'BACKUP COUNTS'!$B:$B,F$1,'BACKUP COUNTS'!$G:$G,F$2)) | G182: =IF(SUMIFS('BACKUP COUNTS'!$F:$F,'BACKUP COUNTS'!$A:$A,$A182,'BACKUP COUNTS'!$B:$B,G$1,'BACKUP COUNTS'!$G:$G,G$2)=0,"",SUMIFS('BACKUP COUNTS'!$F:$F,'BACKUP COUNTS'!$A:$A,$A182,'BACKUP COUNTS'!$B:$B,G$1,'BACKUP COUNTS'!$G:$G,G$2)) | H182: =IF(SUMIFS('BACKUP COUNTS'!$F:$F,'BACKUP COUNTS'!$A:$A,$A182,'BACKUP COUNTS'!$B:$B,H$1,'BACKUP COUNTS'!$G:$G,H$2)=0,"",SUMIFS('BACKUP COUNTS'!$F:$F,'BACKUP COUNTS'!$A:$A,$A182,'BACKUP COUNTS'!$B:$B,H$1,'BACKUP COUNTS'!$G:$G,H$2)) | I182: =IF(SUMIFS('BACKUP COUNTS'!$F:$F,'BACKUP COUNTS'!$A:$A,$A182,'BACKUP COUNTS'!$B:$B,I$1,'BACKUP COUNTS'!$G:$G,I$2)=0,"",SUMIFS('BACKUP COUNTS'!$F:$F,'BACKUP COUNTS'!$A:$A,$A182,'BACKUP COUNTS'!$B:$B,I$1,'BACKUP COUNTS'!$G:$G,I$2)) | J182: =IF(SUMIFS('BACKUP COUNTS'!$F:$F,'BACKUP COUNTS'!$A:$A,$A182,'BACKUP COUNTS'!$B:$B,J$1,'BACKUP COUNTS'!$G:$G,J$2)=0,"",SUMIFS('BACKUP COUNTS'!$F:$F,'BACKUP COUNTS'!$A:$A,$A182,'BACKUP COUNTS'!$B:$B,J$1,'BACKUP COUNTS'!$G:$G,J$2)) | K182: =IF(SUMIFS('BACKUP COUNTS'!$F:$F,'BACKUP COUNTS'!$A:$A,$A182,'BACKUP COUNTS'!$B:$B,K$1,'BACKUP COUNTS'!$G:$G,K$2)=0,"",SUMIFS('BACKUP COUNTS'!$F:$F,'BACKUP COUNTS'!$A:$A,$A182,'BACKUP COUNTS'!$B:$B,K$1,'BACKUP COUNTS'!$G:$G,K$2)) | ... R182: =IF(SUMIFS('BACKUP COUNTS'!$F:$F,'BACKUP COUNTS'!$A:$A,$A182,'BACKUP COUNTS'!$B:$B,R$1,'BACKUP COUNTS'!$G:$G,R$2)=0,"",SUMIFS('BACKUP COUNTS'!$F:$F,'BACKUP COUNTS'!$A:$A,$A182,'BACKUP COUNTS'!$B:$B,R$1,'BACKUP COUNTS'!$G:$G,R$2))
A183: =IF(WEEKDAY(A182,2)=5,A182+3,A182+1) -> 46090 | B183: Y | C183: =IF(SUMIFS('BACKUP COUNTS'!$F:$F,'BACKUP COUNTS'!$A:$A,$A183,'BACKUP COUNTS'!$B:$B,C$2)=0,"",SUMIFS('BACKUP COUNTS'!$F:$F,'BACKUP COUNTS'!$A:$A,$A183,'BACKUP COUNTS'!$B:$B,C$2)) | D183: =IF(SUMIFS('BACKUP COUNTS'!$F:$F,'BACKUP COUNTS'!$A:$A,$A183,'BACKUP COUNTS'!$B:$B,D$1,'BACKUP COUNTS'!$G:$G,D$2)=0,"",SUMIFS('BACKUP COUNTS'!$F:$F,'BACKUP COUNTS'!$A:$A,$A183,'BACKUP COUNTS'!$B:$B,D$1,'BACKUP COUNTS'!$G:$G,D$2)) | E183: =IF(SUMIFS('BACKUP COUNTS'!$F:$F,'BACKUP COUNTS'!$A:$A,$A183,'BACKUP COUNTS'!$B:$B,E$1,'BACKUP COUNTS'!$G:$G,E$2)=0,"",SUMIFS('BACKUP COUNTS'!$F:$F,'BACKUP COUNTS'!$A:$A,$A183,'BACKUP COUNTS'!$B:$B,E$1,'BACKUP COUNTS'!$G:$G,E$2)) | F183: =IF(SUMIFS('BACKUP COUNTS'!$F:$F,'BACKUP COUNTS'!$A:$A,$A183,'BACKUP COUNTS'!$B:$B,F$1,'BACKUP COUNTS'!$G:$G,F$2)=0,"",SUMIFS('BACKUP COUNTS'!$F:$F,'BACKUP COUNTS'!$A:$A,$A183,'BACKUP COUNTS'!$B:$B,F$1,'BACKUP COUNTS'!$G:$G,F$2)) | G183: =IF(SUMIFS('BACKUP COUNTS'!$F:$F,'BACKUP COUNTS'!$A:$A,$A183,'BACKUP COUNTS'!$B:$B,G$1,'BACKUP COUNTS'!$G:$G,G$2)=0,"",SUMIFS('BACKUP COUNTS'!$F:$F,'BACKUP COUNTS'!$A:$A,$A183,'BACKUP COUNTS'!$B:$B,G$1,'BACKUP COUNTS'!$G:$G,G$2)) | H183: =IF(SUMIFS('BACKUP COUNTS'!$F:$F,'BACKUP COUNTS'!$A:$A,$A183,'BACKUP COUNTS'!$B:$B,H$1,'BACKUP COUNTS'!$G:$G,H$2)=0,"",SUMIFS('BACKUP COUNTS'!$F:$F,'BACKUP COUNTS'!$A:$A,$A183,'BACKUP COUNTS'!$B:$B,H$1,'BACKUP COUNTS'!$G:$G,H$2)) | I183: =IF(SUMIFS('BACKUP COUNTS'!$F:$F,'BACKUP COUNTS'!$A:$A,$A183,'BACKUP COUNTS'!$B:$B,I$1,'BACKUP COUNTS'!$G:$G,I$2)=0,"",SUMIFS('BACKUP COUNTS'!$F:$F,'BACKUP COUNTS'!$A:$A,$A183,'BACKUP COUNTS'!$B:$B,I$1,'BACKUP COUNTS'!$G:$G,I$2)) | J183: =IF(SUMIFS('BACKUP COUNTS'!$F:$F,'BACKUP COUNTS'!$A:$A,$A183,'BACKUP COUNTS'!$B:$B,J$1,'BACKUP COUNTS'!$G:$G,J$2)=0,"",SUMIFS('BACKUP COUNTS'!$F:$F,'BACKUP COUNTS'!$A:$A,$A183,'BACKUP COUNTS'!$B:$B,J$1,'BACKUP COUNTS'!$G:$G,J$2)) | K183: =IF(SUMIFS('BACKUP COUNTS'!$F:$F,'BACKUP COUNTS'!$A:$A,$A183,'BACKUP COUNTS'!$B:$B,K$1,'BACKUP COUNTS'!$G:$G,K$2)=0,"",SUMIFS('BACKUP COUNTS'!$F:$F,'BACKUP COUNTS'!$A:$A,$A183,'BACKUP COUNTS'!$B:$B,K$1,'BACKUP COUNTS'!$G:$G,K$2)) | ... R183: =IF(SUMIFS('BACKUP COUNTS'!$F:$F,'BACKUP COUNTS'!$A:$A,$A183,'BACKUP COUNTS'!$B:$B,R$1,'BACKUP COUNTS'!$G:$G,R$2)=0,"",SUMIFS('BACKUP COUNTS'!$F:$F,'BACKUP COUNTS'!$A:$A,$A183,'BACKUP COUNTS'!$B:$B,R$1,'BACKUP COUNTS'!$G:$G,R$2))
A184: =IF(WEEKDAY(A183,2)=5,A183+3,A183+1) -> 46091 | B184: Y | C184: =IF(SUMIFS('BACKUP COUNTS'!$F:$F,'BACKUP COUNTS'!$A:$A,$A184,'BACKUP COUNTS'!$B:$B,C$2)=0,"",SUMIFS('BACKUP COUNTS'!$F:$F,'BACKUP COUNTS'!$A:$A,$A184,'BACKUP COUNTS'!$B:$B,C$2)) | D184: =IF(SUMIFS('BACKUP COUNTS'!$F:$F,'BACKUP COUNTS'!$A:$A,$A184,'BACKUP COUNTS'!$B:$B,D$1,'BACKUP COUNTS'!$G:$G,D$2)=0,"",SUMIFS('BACKUP COUNTS'!$F:$F,'BACKUP COUNTS'!$A:$A,$A184,'BACKUP COUNTS'!$B:$B,D$1,'BACKUP COUNTS'!$G:$G,D$2)) | E184: =IF(SUMIFS('BACKUP COUNTS'!$F:$F,'BACKUP COUNTS'!$A:$A,$A184,'BACKUP COUNTS'!$B:$B,E$1,'BACKUP COUNTS'!$G:$G,E$2)=0,"",SUMIFS('BACKUP COUNTS'!$F:$F,'BACKUP COUNTS'!$A:$A,$A184,'BACKUP COUNTS'!$B:$B,E$1,'BACKUP COUNTS'!$G:$G,E$2)) | F184: =IF(SUMIFS('BACKUP COUNTS'!$F:$F,'BACKUP COUNTS'!$A:$A,$A184,'BACKUP COUNTS'!$B:$B,F$1,'BACKUP COUNTS'!$G:$G,F$2)=0,"",SUMIFS('BACKUP COUNTS'!$F:$F,'BACKUP COUNTS'!$A:$A,$A184,'BACKUP COUNTS'!$B:$B,F$1,'BACKUP COUNTS'!$G:$G,F$2)) | G184: =IF(SUMIFS('BACKUP COUNTS'!$F:$F,'BACKUP COUNTS'!$A:$A,$A184,'BACKUP COUNTS'!$B:$B,G$1,'BACKUP COUNTS'!$G:$G,G$2)=0,"",SUMIFS('BACKUP COUNTS'!$F:$F,'BACKUP COUNTS'!$A:$A,$A184,'BACKUP COUNTS'!$B:$B,G$1,'BACKUP COUNTS'!$G:$G,G$2)) | H184: =IF(SUMIFS('BACKUP COUNTS'!$F:$F,'BACKUP COUNTS'!$A:$A,$A184,'BACKUP COUNTS'!$B:$B,H$1,'BACKUP COUNTS'!$G:$G,H$2)=0,"",SUMIFS('BACKUP COUNTS'!$F:$F,'BACKUP COUNTS'!$A:$A,$A184,'BACKUP COUNTS'!$B:$B,H$1,'BACKUP COUNTS'!$G:$G,H$2)) | I184: =IF(SUMIFS('BACKUP COUNTS'!$F:$F,'BACKUP COUNTS'!$A:$A,$A184,'BACKUP COUNTS'!$B:$B,I$1,'BACKUP COUNTS'!$G:$G,I$2)=0,"",SUMIFS('BACKUP COUNTS'!$F:$F,'BACKUP COUNTS'!$A:$A,$A184,'BACKUP COUNTS'!$B:$B,I$1,'BACKUP COUNTS'!$G:$G,I$2)) | J184: =IF(SUMIFS('BACKUP COUNTS'!$F:$F,'BACKUP COUNTS'!$A:$A,$A184,'BACKUP COUNTS'!$B:$B,J$1,'BACKUP COUNTS'!$G:$G,J$2)=0,"",SUMIFS('BACKUP COUNTS'!$F:$F,'BACKUP COUNTS'!$A:$A,$A184,'BACKUP COUNTS'!$B:$B,J$1,'BACKUP COUNTS'!$G:$G,J$2)) | K184: =IF(SUMIFS('BACKUP COUNTS'!$F:$F,'BACKUP COUNTS'!$A:$A,$A184,'BACKUP COUNTS'!$B:$B,K$1,'BACKUP COUNTS'!$G:$G,K$2)=0,"",SUMIFS('BACKUP COUNTS'!$F:$F,'BACKUP COUNTS'!$A:$A,$A184,'BACKUP COUNTS'!$B:$B,K$1,'BACKUP COUNTS'!$G:$G,K$2)) | ... R184: =IF(SUMIFS('BACKUP COUNTS'!$F:$F,'BACKUP COUNTS'!$A:$A,$A184,'BACKUP COUNTS'!$B:$B,R$1,'BACKUP COUNTS'!$G:$G,R$2)=0,"",SUMIFS('BACKUP COUNTS'!$F:$F,'BACKUP COUNTS'!$A:$A,$A184,'BACKUP COUNTS'!$B:$B,R$1,'BACKUP COUNTS'!$G:$G,R$2))
A185: =IF(WEEKDAY(A184,2)=5,A184+3,A184+1) -> 46092 | B185: Y | C185: =IF(SUMIFS('BACKUP COUNTS'!$F:$F,'BACKUP COUNTS'!$A:$A,$A185,'BACKUP COUNTS'!$B:$B,C$2)=0,"",SUMIFS('BACKUP COUNTS'!$F:$F,'BACKUP COUNTS'!$A:$A,$A185,'BACKUP COUNTS'!$B:$B,C$2)) | D185: =IF(SUMIFS('BACKUP COUNTS'!$F:$F,'BACKUP COUNTS'!$A:$A,$A185,'BACKUP COUNTS'!$B:$B,D$1,'BACKUP COUNTS'!$G:$G,D$2)=0,"",SUMIFS('BACKUP COUNTS'!$F:$F,'BACKUP COUNTS'!$A:$A,$A185,'BACKUP COUNTS'!$B:$B,D$1,'BACKUP COUNTS'!$G:$G,D$2)) | E185: =IF(SUMIFS('BACKUP COUNTS'!$F:$F,'BACKUP COUNTS'!$A:$A,$A185,'BACKUP COUNTS'!$B:$B,E$1,'BACKUP COUNTS'!$G:$G,E$2)=0,"",SUMIFS('BACKUP COUNTS'!$F:$F,'BACKUP COUNTS'!$A:$A,$A185,'BACKUP COUNTS'!$B:$B,E$1,'BACKUP COUNTS'!$G:$G,E$2)) | F185: =IF(SUMIFS('BACKUP COUNTS'!$F:$F,'BACKUP COUNTS'!$A:$A,$A185,'BACKUP COUNTS'!$B:$B,F$1,'BACKUP COUNTS'!$G:$G,F$2)=0,"",SUMIFS('BACKUP COUNTS'!$F:$F,'BACKUP COUNTS'!$A:$A,$A185,'BACKUP COUNTS'!$B:$B,F$1,'BACKUP COUNTS'!$G:$G,F$2)) | G185: =IF(SUMIFS('BACKUP COUNTS'!$F:$F,'BACKUP COUNTS'!$A:$A,$A185,'BACKUP COUNTS'!$B:$B,G$1,'BACKUP COUNTS'!$G:$G,G$2)=0,"",SUMIFS('BACKUP COUNTS'!$F:$F,'BACKUP COUNTS'!$A:$A,$A185,'BACKUP COUNTS'!$B:$B,G$1,'BACKUP COUNTS'!$G:$G,G$2)) | H185: =IF(SUMIFS('BACKUP COUNTS'!$F:$F,'BACKUP COUNTS'!$A:$A,$A185,'BACKUP COUNTS'!$B:$B,H$1,'BACKUP COUNTS'!$G:$G,H$2)=0,"",SUMIFS('BACKUP COUNTS'!$F:$F,'BACKUP COUNTS'!$A:$A,$A185,'BACKUP COUNTS'!$B:$B,H$1,'BACKUP COUNTS'!$G:$G,H$2)) | I185: =IF(SUMIFS('BACKUP COUNTS'!$F:$F,'BACKUP COUNTS'!$A:$A,$A185,'BACKUP COUNTS'!$B:$B,I$1,'BACKUP COUNTS'!$G:$G,I$2)=0,"",SUMIFS('BACKUP COUNTS'!$F:$F,'BACKUP COUNTS'!$A:$A,$A185,'BACKUP COUNTS'!$B:$B,I$1,'BACKUP COUNTS'!$G:$G,I$2)) | J185: =IF(SUMIFS('BACKUP COUNTS'!$F:$F,'BACKUP COUNTS'!$A:$A,$A185,'BACKUP COUNTS'!$B:$B,J$1,'BACKUP COUNTS'!$G:$G,J$2)=0,"",SUMIFS('BACKUP COUNTS'!$F:$F,'BACKUP COUNTS'!$A:$A,$A185,'BACKUP COUNTS'!$B:$B,J$1,'BACKUP COUNTS'!$G:$G,J$2)) | K185: =IF(SUMIFS('BACKUP COUNTS'!$F:$F,'BACKUP COUNTS'!$A:$A,$A185,'BACKUP COUNTS'!$B:$B,K$1,'BACKUP COUNTS'!$G:$G,K$2)=0,"",SUMIFS('BACKUP COUNTS'!$F:$F,'BACKUP COUNTS'!$A:$A,$A185,'BACKUP COUNTS'!$B:$B,K$1,'BACKUP COUNTS'!$G:$G,K$2)) | ... R185: =IF(SUMIFS('BACKUP COUNTS'!$F:$F,'BACKUP COUNTS'!$A:$A,$A185,'BACKUP COUNTS'!$B:$B,R$1,'BACKUP COUNTS'!$G:$G,R$2)=0,"",SUMIFS('BACKUP COUNTS'!$F:$F,'BACKUP COUNTS'!$A:$A,$A185,'BACKUP COUNTS'!$B:$B,R$1,'BACKUP COUNTS'!$G:$G,R$2))
A186: =IF(WEEKDAY(A185,2)=5,A185+3,A185+1) -> 46093 | B186: Y | C186: =IF(SUMIFS('BACKUP COUNTS'!$F:$F,'BACKUP COUNTS'!$A:$A,$A186,'BACKUP COUNTS'!$B:$B,C$2)=0,"",SUMIFS('BACKUP COUNTS'!$F:$F,'BACKUP COUNTS'!$A:$A,$A186,'BACKUP COUNTS'!$B:$B,C$2)) | D186: =IF(SUMIFS('BACKUP COUNTS'!$F:$F,'BACKUP COUNTS'!$A:$A,$A186,'BACKUP COUNTS'!$B:$B,D$1,'BACKUP COUNTS'!$G:$G,D$2)=0,"",SUMIFS('BACKUP COUNTS'!$F:$F,'BACKUP COUNTS'!$A:$A,$A186,'BACKUP COUNTS'!$B:$B,D$1,'BACKUP COUNTS'!$G:$G,D$2)) | E186: =IF(SUMIFS('BACKUP COUNTS'!$F:$F,'BACKUP COUNTS'!$A:$A,$A186,'BACKUP COUNTS'!$B:$B,E$1,'BACKUP COUNTS'!$G:$G,E$2)=0,"",SUMIFS('BACKUP COUNTS'!$F:$F,'BACKUP COUNTS'!$A:$A,$A186,'BACKUP COUNTS'!$B:$B,E$1,'BACKUP COUNTS'!$G:$G,E$2)) | F186: =IF(SUMIFS('BACKUP COUNTS'!$F:$F,'BACKUP COUNTS'!$A:$A,$A186,'BACKUP COUNTS'!$B:$B,F$1,'BACKUP COUNTS'!$G:$G,F$2)=0,"",SUMIFS('BACKUP COUNTS'!$F:$F,'BACKUP COUNTS'!$A:$A,$A186,'BACKUP COUNTS'!$B:$B,F$1,'BACKUP COUNTS'!$G:$G,F$2)) | G186: =IF(SUMIFS('BACKUP COUNTS'!$F:$F,'BACKUP COUNTS'!$A:$A,$A186,'BACKUP COUNTS'!$B:$B,G$1,'BACKUP COUNTS'!$G:$G,G$2)=0,"",SUMIFS('BACKUP COUNTS'!$F:$F,'BACKUP COUNTS'!$A:$A,$A186,'BACKUP COUNTS'!$B:$B,G$1,'BACKUP COUNTS'!$G:$G,G$2)) | H186: =IF(SUMIFS('BACKUP COUNTS'!$F:$F,'BACKUP COUNTS'!$A:$A,$A186,'BACKUP COUNTS'!$B:$B,H$1,'BACKUP COUNTS'!$G:$G,H$2)=0,"",SUMIFS('BACKUP COUNTS'!$F:$F,'BACKUP COUNTS'!$A:$A,$A186,'BACKUP COUNTS'!$B:$B,H$1,'BACKUP COUNTS'!$G:$G,H$2)) | I186: =IF(SUMIFS('BACKUP COUNTS'!$F:$F,'BACKUP COUNTS'!$A:$A,$A186,'BACKUP COUNTS'!$B:$B,I$1,'BACKUP COUNTS'!$G:$G,I$2)=0,"",SUMIFS('BACKUP COUNTS'!$F:$F,'BACKUP COUNTS'!$A:$A,$A186,'BACKUP COUNTS'!$B:$B,I$1,'BACKUP COUNTS'!$G:$G,I$2)) | J186: =IF(SUMIFS('BACKUP COUNTS'!$F:$F,'BACKUP COUNTS'!$A:$A,$A186,'BACKUP COUNTS'!$B:$B,J$1,'BACKUP COUNTS'!$G:$G,J$2)=0,"",SUMIFS('BACKUP COUNTS'!$F:$F,'BACKUP COUNTS'!$A:$A,$A186,'BACKUP COUNTS'!$B:$B,J$1,'BACKUP COUNTS'!$G:$G,J$2)) | K186: =IF(SUMIFS('BACKUP COUNTS'!$F:$F,'BACKUP COUNTS'!$A:$A,$A186,'BACKUP COUNTS'!$B:$B,K$1,'BACKUP COUNTS'!$G:$G,K$2)=0,"",SUMIFS('BACKUP COUNTS'!$F:$F,'BACKUP COUNTS'!$A:$A,$A186,'BACKUP COUNTS'!$B:$B,K$1,'BACKUP COUNTS'!$G:$G,K$2)) | ... R186: =IF(SUMIFS('BACKUP COUNTS'!$F:$F,'BACKUP COUNTS'!$A:$A,$A186,'BACKUP COUNTS'!$B:$B,R$1,'BACKUP COUNTS'!$G:$G,R$2)=0,"",SUMIFS('BACKUP COUNTS'!$F:$F,'BACKUP COUNTS'!$A:$A,$A186,'BACKUP COUNTS'!$B:$B,R$1,'BACKUP COUNTS'!$G:$G,R$2))
A187: =IF(WEEKDAY(A186,2)=5,A186+3,A186+1) -> 46094 | B187: Y | C187: =IF(SUMIFS('BACKUP COUNTS'!$F:$F,'BACKUP COUNTS'!$A:$A,$A187,'BACKUP COUNTS'!$B:$B,C$2)=0,"",SUMIFS('BACKUP COUNTS'!$F:$F,'BACKUP COUNTS'!$A:$A,$A187,'BACKUP COUNTS'!$B:$B,C$2)) | D187: =IF(SUMIFS('BACKUP COUNTS'!$F:$F,'BACKUP COUNTS'!$A:$A,$A187,'BACKUP COUNTS'!$B:$B,D$1,'BACKUP COUNTS'!$G:$G,D$2)=0,"",SUMIFS('BACKUP COUNTS'!$F:$F,'BACKUP COUNTS'!$A:$A,$A187,'BACKUP COUNTS'!$B:$B,D$1,'BACKUP COUNTS'!$G:$G,D$2)) | E187: =IF(SUMIFS('BACKUP COUNTS'!$F:$F,'BACKUP COUNTS'!$A:$A,$A187,'BACKUP COUNTS'!$B:$B,E$1,'BACKUP COUNTS'!$G:$G,E$2)=0,"",SUMIFS('BACKUP COUNTS'!$F:$F,'BACKUP COUNTS'!$A:$A,$A187,'BACKUP COUNTS'!$B:$B,E$1,'BACKUP COUNTS'!$G:$G,E$2)) | F187: =IF(SUMIFS('BACKUP COUNTS'!$F:$F,'BACKUP COUNTS'!$A:$A,$A187,'BACKUP COUNTS'!$B:$B,F$1,'BACKUP COUNTS'!$G:$G,F$2)=0,"",SUMIFS('BACKUP COUNTS'!$F:$F,'BACKUP COUNTS'!$A:$A,$A187,'BACKUP COUNTS'!$B:$B,F$1,'BACKUP COUNTS'!$G:$G,F$2)) | G187: =IF(SUMIFS('BACKUP COUNTS'!$F:$F,'BACKUP COUNTS'!$A:$A,$A187,'BACKUP COUNTS'!$B:$B,G$1,'BACKUP COUNTS'!$G:$G,G$2)=0,"",SUMIFS('BACKUP COUNTS'!$F:$F,'BACKUP COUNTS'!$A:$A,$A187,'BACKUP COUNTS'!$B:$B,G$1,'BACKUP COUNTS'!$G:$G,G$2)) | H187: =IF(SUMIFS('BACKUP COUNTS'!$F:$F,'BACKUP COUNTS'!$A:$A,$A187,'BACKUP COUNTS'!$B:$B,H$1,'BACKUP COUNTS'!$G:$G,H$2)=0,"",SUMIFS('BACKUP COUNTS'!$F:$F,'BACKUP COUNTS'!$A:$A,$A187,'BACKUP COUNTS'!$B:$B,H$1,'BACKUP COUNTS'!$G:$G,H$2)) | I187: =IF(SUMIFS('BACKUP COUNTS'!$F:$F,'BACKUP COUNTS'!$A:$A,$A187,'BACKUP COUNTS'!$B:$B,I$1,'BACKUP COUNTS'!$G:$G,I$2)=0,"",SUMIFS('BACKUP COUNTS'!$F:$F,'BACKUP COUNTS'!$A:$A,$A187,'BACKUP COUNTS'!$B:$B,I$1,'BACKUP COUNTS'!$G:$G,I$2)) | J187: =IF(SUMIFS('BACKUP COUNTS'!$F:$F,'BACKUP COUNTS'!$A:$A,$A187,'BACKUP COUNTS'!$B:$B,J$1,'BACKUP COUNTS'!$G:$G,J$2)=0,"",SUMIFS('BACKUP COUNTS'!$F:$F,'BACKUP COUNTS'!$A:$A,$A187,'BACKUP COUNTS'!$B:$B,J$1,'BACKUP COUNTS'!$G:$G,J$2)) | K187: =IF(SUMIFS('BACKUP COUNTS'!$F:$F,'BACKUP COUNTS'!$A:$A,$A187,'BACKUP COUNTS'!$B:$B,K$1,'BACKUP COUNTS'!$G:$G,K$2)=0,"",SUMIFS('BACKUP COUNTS'!$F:$F,'BACKUP COUNTS'!$A:$A,$A187,'BACKUP COUNTS'!$B:$B,K$1,'BACKUP COUNTS'!$G:$G,K$2)) | ... R187: =IF(SUMIFS('BACKUP COUNTS'!$F:$F,'BACKUP COUNTS'!$A:$A,$A187,'BACKUP COUNTS'!$B:$B,R$1,'BACKUP COUNTS'!$G:$G,R$2)=0,"",SUMIFS('BACKUP COUNTS'!$F:$F,'BACKUP COUNTS'!$A:$A,$A187,'BACKUP COUNTS'!$B:$B,R$1,'BACKUP COUNTS'!$G:$G,R$2))
A188: =IF(WEEKDAY(A187,2)=5,A187+3,A187+1) -> 46097 | B188: Y | C188: =IF(SUMIFS('BACKUP COUNTS'!$F:$F,'BACKUP COUNTS'!$A:$A,$A188,'BACKUP COUNTS'!$B:$B,C$2)=0,"",SUMIFS('BACKUP COUNTS'!$F:$F,'BACKUP COUNTS'!$A:$A,$A188,'BACKUP COUNTS'!$B:$B,C$2)) | D188: =IF(SUMIFS('BACKUP COUNTS'!$F:$F,'BACKUP COUNTS'!$A:$A,$A188,'BACKUP COUNTS'!$B:$B,D$1,'BACKUP COUNTS'!$G:$G,D$2)=0,"",SUMIFS('BACKUP COUNTS'!$F:$F,'BACKUP COUNTS'!$A:$A,$A188,'BACKUP COUNTS'!$B:$B,D$1,'BACKUP COUNTS'!$G:$G,D$2)) | E188: =IF(SUMIFS('BACKUP COUNTS'!$F:$F,'BACKUP COUNTS'!$A:$A,$A188,'BACKUP COUNTS'!$B:$B,E$1,'BACKUP COUNTS'!$G:$G,E$2)=0,"",SUMIFS('BACKUP COUNTS'!$F:$F,'BACKUP COUNTS'!$A:$A,$A188,'BACKUP COUNTS'!$B:$B,E$1,'BACKUP COUNTS'!$G:$G,E$2)) | F188: =IF(SUMIFS('BACKUP COUNTS'!$F:$F,'BACKUP COUNTS'!$A:$A,$A188,'BACKUP COUNTS'!$B:$B,F$1,'BACKUP COUNTS'!$G:$G,F$2)=0,"",SUMIFS('BACKUP COUNTS'!$F:$F,'BACKUP COUNTS'!$A:$A,$A188,'BACKUP COUNTS'!$B:$B,F$1,'BACKUP COUNTS'!$G:$G,F$2)) | G188: =IF(SUMIFS('BACKUP COUNTS'!$F:$F,'BACKUP COUNTS'!$A:$A,$A188,'BACKUP COUNTS'!$B:$B,G$1,'BACKUP COUNTS'!$G:$G,G$2)=0,"",SUMIFS('BACKUP COUNTS'!$F:$F,'BACKUP COUNTS'!$A:$A,$A188,'BACKUP COUNTS'!$B:$B,G$1,'BACKUP COUNTS'!$G:$G,G$2)) | H188: =IF(SUMIFS('BACKUP COUNTS'!$F:$F,'BACKUP COUNTS'!$A:$A,$A188,'BACKUP COUNTS'!$B:$B,H$1,'BACKUP COUNTS'!$G:$G,H$2)=0,"",SUMIFS('BACKUP COUNTS'!$F:$F,'BACKUP COUNTS'!$A:$A,$A188,'BACKUP COUNTS'!$B:$B,H$1,'BACKUP COUNTS'!$G:$G,H$2)) | I188: =IF(SUMIFS('BACKUP COUNTS'!$F:$F,'BACKUP COUNTS'!$A:$A,$A188,'BACKUP COUNTS'!$B:$B,I$1,'BACKUP COUNTS'!$G:$G,I$2)=0,"",SUMIFS('BACKUP COUNTS'!$F:$F,'BACKUP COUNTS'!$A:$A,$A188,'BACKUP COUNTS'!$B:$B,I$1,'BACKUP COUNTS'!$G:$G,I$2)) | J188: =IF(SUMIFS('BACKUP COUNTS'!$F:$F,'BACKUP COUNTS'!$A:$A,$A188,'BACKUP COUNTS'!$B:$B,J$1,'BACKUP COUNTS'!$G:$G,J$2)=0,"",SUMIFS('BACKUP COUNTS'!$F:$F,'BACKUP COUNTS'!$A:$A,$A188,'BACKUP COUNTS'!$B:$B,J$1,'BACKUP COUNTS'!$G:$G,J$2)) | K188: =IF(SUMIFS('BACKUP COUNTS'!$F:$F,'BACKUP COUNTS'!$A:$A,$A188,'BACKUP COUNTS'!$B:$B,K$1,'BACKUP COUNTS'!$G:$G,K$2)=0,"",SUMIFS('BACKUP COUNTS'!$F:$F,'BACKUP COUNTS'!$A:$A,$A188,'BACKUP COUNTS'!$B:$B,K$1,'BACKUP COUNTS'!$G:$G,K$2)) | ... R188: =IF(SUMIFS('BACKUP COUNTS'!$F:$F,'BACKUP COUNTS'!$A:$A,$A188,'BACKUP COUNTS'!$B:$B,R$1,'BACKUP COUNTS'!$G:$G,R$2)=0,"",SUMIFS('BACKUP COUNTS'!$F:$F,'BACKUP COUNTS'!$A:$A,$A188,'BACKUP COUNTS'!$B:$B,R$1,'BACKUP COUNTS'!$G:$G,R$2))
A189: =IF(WEEKDAY(A188,2)=5,A188+3,A188+1) -> 46098 | B189: Y | C189: =IF(SUMIFS('BACKUP COUNTS'!$F:$F,'BACKUP COUNTS'!$A:$A,$A189,'BACKUP COUNTS'!$B:$B,C$2)=0,"",SUMIFS('BACKUP COUNTS'!$F:$F,'BACKUP COUNTS'!$A:$A,$A189,'BACKUP COUNTS'!$B:$B,C$2)) | D189: =IF(SUMIFS('BACKUP COUNTS'!$F:$F,'BACKUP COUNTS'!$A:$A,$A189,'BACKUP COUNTS'!$B:$B,D$1,'BACKUP COUNTS'!$G:$G,D$2)=0,"",SUMIFS('BACKUP COUNTS'!$F:$F,'BACKUP COUNTS'!$A:$A,$A189,'BACKUP COUNTS'!$B:$B,D$1,'BACKUP COUNTS'!$G:$G,D$2)) | E189: =IF(SUMIFS('BACKUP COUNTS'!$F:$F,'BACKUP COUNTS'!$A:$A,$A189,'BACKUP COUNTS'!$B:$B,E$1,'BACKUP COUNTS'!$G:$G,E$2)=0,"",SUMIFS('BACKUP COUNTS'!$F:$F,'BACKUP COUNTS'!$A:$A,$A189,'BACKUP COUNTS'!$B:$B,E$1,'BACKUP COUNTS'!$G:$G,E$2)) | F189: =IF(SUMIFS('BACKUP COUNTS'!$F:$F,'BACKUP COUNTS'!$A:$A,$A189,'BACKUP COUNTS'!$B:$B,F$1,'BACKUP COUNTS'!$G:$G,F$2)=0,"",SUMIFS('BACKUP COUNTS'!$F:$F,'BACKUP COUNTS'!$A:$A,$A189,'BACKUP COUNTS'!$B:$B,F$1,'BACKUP COUNTS'!$G:$G,F$2)) | G189: =IF(SUMIFS('BACKUP COUNTS'!$F:$F,'BACKUP COUNTS'!$A:$A,$A189,'BACKUP COUNTS'!$B:$B,G$1,'BACKUP COUNTS'!$G:$G,G$2)=0,"",SUMIFS('BACKUP COUNTS'!$F:$F,'BACKUP COUNTS'!$A:$A,$A189,'BACKUP COUNTS'!$B:$B,G$1,'BACKUP COUNTS'!$G:$G,G$2)) | H189: =IF(SUMIFS('BACKUP COUNTS'!$F:$F,'BACKUP COUNTS'!$A:$A,$A189,'BACKUP COUNTS'!$B:$B,H$1,'BACKUP COUNTS'!$G:$G,H$2)=0,"",SUMIFS('BACKUP COUNTS'!$F:$F,'BACKUP COUNTS'!$A:$A,$A189,'BACKUP COUNTS'!$B:$B,H$1,'BACKUP COUNTS'!$G:$G,H$2)) | I189: =IF(SUMIFS('BACKUP COUNTS'!$F:$F,'BACKUP COUNTS'!$A:$A,$A189,'BACKUP COUNTS'!$B:$B,I$1,'BACKUP COUNTS'!$G:$G,I$2)=0,"",SUMIFS('BACKUP COUNTS'!$F:$F,'BACKUP COUNTS'!$A:$A,$A189,'BACKUP COUNTS'!$B:$B,I$1,'BACKUP COUNTS'!$G:$G,I$2)) | J189: =IF(SUMIFS('BACKUP COUNTS'!$F:$F,'BACKUP COUNTS'!$A:$A,$A189,'BACKUP COUNTS'!$B:$B,J$1,'BACKUP COUNTS'!$G:$G,J$2)=0,"",SUMIFS('BACKUP COUNTS'!$F:$F,'BACKUP COUNTS'!$A:$A,$A189,'BACKUP COUNTS'!$B:$B,J$1,'BACKUP COUNTS'!$G:$G,J$2)) | K189: =IF(SUMIFS('BACKUP COUNTS'!$F:$F,'BACKUP COUNTS'!$A:$A,$A189,'BACKUP COUNTS'!$B:$B,K$1,'BACKUP COUNTS'!$G:$G,K$2)=0,"",SUMIFS('BACKUP COUNTS'!$F:$F,'BACKUP COUNTS'!$A:$A,$A189,'BACKUP COUNTS'!$B:$B,K$1,'BACKUP COUNTS'!$G:$G,K$2)) | ... R189: =IF(SUMIFS('BACKUP COUNTS'!$F:$F,'BACKUP COUNTS'!$A:$A,$A189,'BACKUP COUNTS'!$B:$B,R$1,'BACKUP COUNTS'!$G:$G,R$2)=0,"",SUMIFS('BACKUP COUNTS'!$F:$F,'BACKUP COUNTS'!$A:$A,$A189,'BACKUP COUNTS'!$B:$B,R$1,'BACKUP COUNTS'!$G:$G,R$2))
A190: =IF(WEEKDAY(A189,2)=5,A189+3,A189+1) -> 46099 | B190: Y | C190: =IF(SUMIFS('BACKUP COUNTS'!$F:$F,'BACKUP COUNTS'!$A:$A,$A190,'BACKUP COUNTS'!$B:$B,C$2)=0,"",SUMIFS('BACKUP COUNTS'!$F:$F,'BACKUP COUNTS'!$A:$A,$A190,'BACKUP COUNTS'!$B:$B,C$2)) | D190: =IF(SUMIFS('BACKUP COUNTS'!$F:$F,'BACKUP COUNTS'!$A:$A,$A190,'BACKUP COUNTS'!$B:$B,D$1,'BACKUP COUNTS'!$G:$G,D$2)=0,"",SUMIFS('BACKUP COUNTS'!$F:$F,'BACKUP COUNTS'!$A:$A,$A190,'BACKUP COUNTS'!$B:$B,D$1,'BACKUP COUNTS'!$G:$G,D$2)) | E190: =IF(SUMIFS('BACKUP COUNTS'!$F:$F,'BACKUP COUNTS'!$A:$A,$A190,'BACKUP COUNTS'!$B:$B,E$1,'BACKUP COUNTS'!$G:$G,E$2)=0,"",SUMIFS('BACKUP COUNTS'!$F:$F,'BACKUP COUNTS'!$A:$A,$A190,'BACKUP COUNTS'!$B:$B,E$1,'BACKUP COUNTS'!$G:$G,E$2)) | F190: =IF(SUMIFS('BACKUP COUNTS'!$F:$F,'BACKUP COUNTS'!$A:$A,$A190,'BACKUP COUNTS'!$B:$B,F$1,'BACKUP COUNTS'!$G:$G,F$2)=0,"",SUMIFS('BACKUP COUNTS'!$F:$F,'BACKUP COUNTS'!$A:$A,$A190,'BACKUP COUNTS'!$B:$B,F$1,'BACKUP COUNTS'!$G:$G,F$2)) | G190: =IF(SUMIFS('BACKUP COUNTS'!$F:$F,'BACKUP COUNTS'!$A:$A,$A190,'BACKUP COUNTS'!$B:$B,G$1,'BACKUP COUNTS'!$G:$G,G$2)=0,"",SUMIFS('BACKUP COUNTS'!$F:$F,'BACKUP COUNTS'!$A:$A,$A190,'BACKUP COUNTS'!$B:$B,G$1,'BACKUP COUNTS'!$G:$G,G$2)) | H190: =IF(SUMIFS('BACKUP COUNTS'!$F:$F,'BACKUP COUNTS'!$A:$A,$A190,'BACKUP COUNTS'!$B:$B,H$1,'BACKUP COUNTS'!$G:$G,H$2)=0,"",SUMIFS('BACKUP COUNTS'!$F:$F,'BACKUP COUNTS'!$A:$A,$A190,'BACKUP COUNTS'!$B:$B,H$1,'BACKUP COUNTS'!$G:$G,H$2)) | I190: =IF(SUMIFS('BACKUP COUNTS'!$F:$F,'BACKUP COUNTS'!$A:$A,$A190,'BACKUP COUNTS'!$B:$B,I$1,'BACKUP COUNTS'!$G:$G,I$2)=0,"",SUMIFS('BACKUP COUNTS'!$F:$F,'BACKUP COUNTS'!$A:$A,$A190,'BACKUP COUNTS'!$B:$B,I$1,'BACKUP COUNTS'!$G:$G,I$2)) | J190: =IF(SUMIFS('BACKUP COUNTS'!$F:$F,'BACKUP COUNTS'!$A:$A,$A190,'BACKUP COUNTS'!$B:$B,J$1,'BACKUP COUNTS'!$G:$G,J$2)=0,"",SUMIFS('BACKUP COUNTS'!$F:$F,'BACKUP COUNTS'!$A:$A,$A190,'BACKUP COUNTS'!$B:$B,J$1,'BACKUP COUNTS'!$G:$G,J$2)) | K190: =IF(SUMIFS('BACKUP COUNTS'!$F:$F,'BACKUP COUNTS'!$A:$A,$A190,'BACKUP COUNTS'!$B:$B,K$1,'BACKUP COUNTS'!$G:$G,K$2)=0,"",SUMIFS('BACKUP COUNTS'!$F:$F,'BACKUP COUNTS'!$A:$A,$A190,'BACKUP COUNTS'!$B:$B,K$1,'BACKUP COUNTS'!$G:$G,K$2)) | ... R190: =IF(SUMIFS('BACKUP COUNTS'!$F:$F,'BACKUP COUNTS'!$A:$A,$A190,'BACKUP COUNTS'!$B:$B,R$1,'BACKUP COUNTS'!$G:$G,R$2)=0,"",SUMIFS('BACKUP COUNTS'!$F:$F,'BACKUP COUNTS'!$A:$A,$A190,'BACKUP COUNTS'!$B:$B,R$1,'BACKUP COUNTS'!$G:$G,R$2))
A191: =IF(WEEKDAY(A190,2)=5,A190+3,A190+1) -> 46100 | B191: Y | C191: =IF(SUMIFS('BACKUP COUNTS'!$F:$F,'BACKUP COUNTS'!$A:$A,$A191,'BACKUP COUNTS'!$B:$B,C$2)=0,"",SUMIFS('BACKUP COUNTS'!$F:$F,'BACKUP COUNTS'!$A:$A,$A191,'BACKUP COUNTS'!$B:$B,C$2)) | D191: =IF(SUMIFS('BACKUP COUNTS'!$F:$F,'BACKUP COUNTS'!$A:$A,$A191,'BACKUP COUNTS'!$B:$B,D$1,'BACKUP COUNTS'!$G:$G,D$2)=0,"",SUMIFS('BACKUP COUNTS'!$F:$F,'BACKUP COUNTS'!$A:$A,$A191,'BACKUP COUNTS'!$B:$B,D$1,'BACKUP COUNTS'!$G:$G,D$2)) | E191: =IF(SUMIFS('BACKUP COUNTS'!$F:$F,'BACKUP COUNTS'!$A:$A,$A191,'BACKUP COUNTS'!$B:$B,E$1,'BACKUP COUNTS'!$G:$G,E$2)=0,"",SUMIFS('BACKUP COUNTS'!$F:$F,'BACKUP COUNTS'!$A:$A,$A191,'BACKUP COUNTS'!$B:$B,E$1,'BACKUP COUNTS'!$G:$G,E$2)) | F191: =IF(SUMIFS('BACKUP COUNTS'!$F:$F,'BACKUP COUNTS'!$A:$A,$A191,'BACKUP COUNTS'!$B:$B,F$1,'BACKUP COUNTS'!$G:$G,F$2)=0,"",SUMIFS('BACKUP COUNTS'!$F:$F,'BACKUP COUNTS'!$A:$A,$A191,'BACKUP COUNTS'!$B:$B,F$1,'BACKUP COUNTS'!$G:$G,F$2)) | G191: =IF(SUMIFS('BACKUP COUNTS'!$F:$F,'BACKUP COUNTS'!$A:$A,$A191,'BACKUP COUNTS'!$B:$B,G$1,'BACKUP COUNTS'!$G:$G,G$2)=0,"",SUMIFS('BACKUP COUNTS'!$F:$F,'BACKUP COUNTS'!$A:$A,$A191,'BACKUP COUNTS'!$B:$B,G$1,'BACKUP COUNTS'!$G:$G,G$2)) | H191: =IF(SUMIFS('BACKUP COUNTS'!$F:$F,'BACKUP COUNTS'!$A:$A,$A191,'BACKUP COUNTS'!$B:$B,H$1,'BACKUP COUNTS'!$G:$G,H$2)=0,"",SUMIFS('BACKUP COUNTS'!$F:$F,'BACKUP COUNTS'!$A:$A,$A191,'BACKUP COUNTS'!$B:$B,H$1,'BACKUP COUNTS'!$G:$G,H$2)) | I191: =IF(SUMIFS('BACKUP COUNTS'!$F:$F,'BACKUP COUNTS'!$A:$A,$A191,'BACKUP COUNTS'!$B:$B,I$1,'BACKUP COUNTS'!$G:$G,I$2)=0,"",SUMIFS('BACKUP COUNTS'!$F:$F,'BACKUP COUNTS'!$A:$A,$A191,'BACKUP COUNTS'!$B:$B,I$1,'BACKUP COUNTS'!$G:$G,I$2)) | J191: =IF(SUMIFS('BACKUP COUNTS'!$F:$F,'BACKUP COUNTS'!$A:$A,$A191,'BACKUP COUNTS'!$B:$B,J$1,'BACKUP COUNTS'!$G:$G,J$2)=0,"",SUMIFS('BACKUP COUNTS'!$F:$F,'BACKUP COUNTS'!$A:$A,$A191,'BACKUP COUNTS'!$B:$B,J$1,'BACKUP COUNTS'!$G:$G,J$2)) | K191: =IF(SUMIFS('BACKUP COUNTS'!$F:$F,'BACKUP COUNTS'!$A:$A,$A191,'BACKUP COUNTS'!$B:$B,K$1,'BACKUP COUNTS'!$G:$G,K$2)=0,"",SUMIFS('BACKUP COUNTS'!$F:$F,'BACKUP COUNTS'!$A:$A,$A191,'BACKUP COUNTS'!$B:$B,K$1,'BACKUP COUNTS'!$G:$G,K$2)) | ... R191: =IF(SUMIFS('BACKUP COUNTS'!$F:$F,'BACKUP COUNTS'!$A:$A,$A191,'BACKUP COUNTS'!$B:$B,R$1,'BACKUP COUNTS'!$G:$G,R$2)=0,"",SUMIFS('BACKUP COUNTS'!$F:$F,'BACKUP COUNTS'!$A:$A,$A191,'BACKUP COUNTS'!$B:$B,R$1,'BACKUP COUNTS'!$G:$G,R$2))
A192: =IF(WEEKDAY(A191,2)=5,A191+3,A191+1) -> 46101 | B192: Y | C192: =IF(SUMIFS('BACKUP COUNTS'!$F:$F,'BACKUP COUNTS'!$A:$A,$A192,'BACKUP COUNTS'!$B:$B,C$2)=0,"",SUMIFS('BACKUP COUNTS'!$F:$F,'BACKUP COUNTS'!$A:$A,$A192,'BACKUP COUNTS'!$B:$B,C$2)) | D192: =IF(SUMIFS('BACKUP COUNTS'!$F:$F,'BACKUP COUNTS'!$A:$A,$A192,'BACKUP COUNTS'!$B:$B,D$1,'BACKUP COUNTS'!$G:$G,D$2)=0,"",SUMIFS('BACKUP COUNTS'!$F:$F,'BACKUP COUNTS'!$A:$A,$A192,'BACKUP COUNTS'!$B:$B,D$1,'BACKUP COUNTS'!$G:$G,D$2)) | E192: =IF(SUMIFS('BACKUP COUNTS'!$F:$F,'BACKUP COUNTS'!$A:$A,$A192,'BACKUP COUNTS'!$B:$B,E$1,'BACKUP COUNTS'!$G:$G,E$2)=0,"",SUMIFS('BACKUP COUNTS'!$F:$F,'BACKUP COUNTS'!$A:$A,$A192,'BACKUP COUNTS'!$B:$B,E$1,'BACKUP COUNTS'!$G:$G,E$2)) | F192: =IF(SUMIFS('BACKUP COUNTS'!$F:$F,'BACKUP COUNTS'!$A:$A,$A192,'BACKUP COUNTS'!$B:$B,F$1,'BACKUP COUNTS'!$G:$G,F$2)=0,"",SUMIFS('BACKUP COUNTS'!$F:$F,'BACKUP COUNTS'!$A:$A,$A192,'BACKUP COUNTS'!$B:$B,F$1,'BACKUP COUNTS'!$G:$G,F$2)) | G192: =IF(SUMIFS('BACKUP COUNTS'!$F:$F,'BACKUP COUNTS'!$A:$A,$A192,'BACKUP COUNTS'!$B:$B,G$1,'BACKUP COUNTS'!$G:$G,G$2)=0,"",SUMIFS('BACKUP COUNTS'!$F:$F,'BACKUP COUNTS'!$A:$A,$A192,'BACKUP COUNTS'!$B:$B,G$1,'BACKUP COUNTS'!$G:$G,G$2)) | H192: =IF(SUMIFS('BACKUP COUNTS'!$F:$F,'BACKUP COUNTS'!$A:$A,$A192,'BACKUP COUNTS'!$B:$B,H$1,'BACKUP COUNTS'!$G:$G,H$2)=0,"",SUMIFS('BACKUP COUNTS'!$F:$F,'BACKUP COUNTS'!$A:$A,$A192,'BACKUP COUNTS'!$B:$B,H$1,'BACKUP COUNTS'!$G:$G,H$2)) | I192: =IF(SUMIFS('BACKUP COUNTS'!$F:$F,'BACKUP COUNTS'!$A:$A,$A192,'BACKUP COUNTS'!$B:$B,I$1,'BACKUP COUNTS'!$G:$G,I$2)=0,"",SUMIFS('BACKUP COUNTS'!$F:$F,'BACKUP COUNTS'!$A:$A,$A192,'BACKUP COUNTS'!$B:$B,I$1,'BACKUP COUNTS'!$G:$G,I$2)) | J192: =IF(SUMIFS('BACKUP COUNTS'!$F:$F,'BACKUP COUNTS'!$A:$A,$A192,'BACKUP COUNTS'!$B:$B,J$1,'BACKUP COUNTS'!$G:$G,J$2)=0,"",SUMIFS('BACKUP COUNTS'!$F:$F,'BACKUP COUNTS'!$A:$A,$A192,'BACKUP COUNTS'!$B:$B,J$1,'BACKUP COUNTS'!$G:$G,J$2)) | K192: =IF(SUMIFS('BACKUP COUNTS'!$F:$F,'BACKUP COUNTS'!$A:$A,$A192,'BACKUP COUNTS'!$B:$B,K$1,'BACKUP COUNTS'!$G:$G,K$2)=0,"",SUMIFS('BACKUP COUNTS'!$F:$F,'BACKUP COUNTS'!$A:$A,$A192,'BACKUP COUNTS'!$B:$B,K$1,'BACKUP COUNTS'!$G:$G,K$2)) | ... R192: =IF(SUMIFS('BACKUP COUNTS'!$F:$F,'BACKUP COUNTS'!$A:$A,$A192,'BACKUP COUNTS'!$B:$B,R$1,'BACKUP COUNTS'!$G:$G,R$2)=0,"",SUMIFS('BACKUP COUNTS'!$F:$F,'BACKUP COUNTS'!$A:$A,$A192,'BACKUP COUNTS'!$B:$B,R$1,'BACKUP COUNTS'!$G:$G,R$2))
A193: =IF(WEEKDAY(A192,2)=5,A192+3,A192+1) -> 46104 | B193: Y | C193: =IF(SUMIFS('BACKUP COUNTS'!$F:$F,'BACKUP COUNTS'!$A:$A,$A193,'BACKUP COUNTS'!$B:$B,C$2)=0,"",SUMIFS('BACKUP COUNTS'!$F:$F,'BACKUP COUNTS'!$A:$A,$A193,'BACKUP COUNTS'!$B:$B,C$2)) | D193: =IF(SUMIFS('BACKUP COUNTS'!$F:$F,'BACKUP COUNTS'!$A:$A,$A193,'BACKUP COUNTS'!$B:$B,D$1,'BACKUP COUNTS'!$G:$G,D$2)=0,"",SUMIFS('BACKUP COUNTS'!$F:$F,'BACKUP COUNTS'!$A:$A,$A193,'BACKUP COUNTS'!$B:$B,D$1,'BACKUP COUNTS'!$G:$G,D$2)) | E193: =IF(SUMIFS('BACKUP COUNTS'!$F:$F,'BACKUP COUNTS'!$A:$A,$A193,'BACKUP COUNTS'!$B:$B,E$1,'BACKUP COUNTS'!$G:$G,E$2)=0,"",SUMIFS('BACKUP COUNTS'!$F:$F,'BACKUP COUNTS'!$A:$A,$A193,'BACKUP COUNTS'!$B:$B,E$1,'BACKUP COUNTS'!$G:$G,E$2)) | F193: =IF(SUMIFS('BACKUP COUNTS'!$F:$F,'BACKUP COUNTS'!$A:$A,$A193,'BACKUP COUNTS'!$B:$B,F$1,'BACKUP COUNTS'!$G:$G,F$2)=0,"",SUMIFS('BACKUP COUNTS'!$F:$F,'BACKUP COUNTS'!$A:$A,$A193,'BACKUP COUNTS'!$B:$B,F$1,'BACKUP COUNTS'!$G:$G,F$2)) | G193: =IF(SUMIFS('BACKUP COUNTS'!$F:$F,'BACKUP COUNTS'!$A:$A,$A193,'BACKUP COUNTS'!$B:$B,G$1,'BACKUP COUNTS'!$G:$G,G$2)=0,"",SUMIFS('BACKUP COUNTS'!$F:$F,'BACKUP COUNTS'!$A:$A,$A193,'BACKUP COUNTS'!$B:$B,G$1,'BACKUP COUNTS'!$G:$G,G$2)) | H193: =IF(SUMIFS('BACKUP COUNTS'!$F:$F,'BACKUP COUNTS'!$A:$A,$A193,'BACKUP COUNTS'!$B:$B,H$1,'BACKUP COUNTS'!$G:$G,H$2)=0,"",SUMIFS('BACKUP COUNTS'!$F:$F,'BACKUP COUNTS'!$A:$A,$A193,'BACKUP COUNTS'!$B:$B,H$1,'BACKUP COUNTS'!$G:$G,H$2)) | I193: =IF(SUMIFS('BACKUP COUNTS'!$F:$F,'BACKUP COUNTS'!$A:$A,$A193,'BACKUP COUNTS'!$B:$B,I$1,'BACKUP COUNTS'!$G:$G,I$2)=0,"",SUMIFS('BACKUP COUNTS'!$F:$F,'BACKUP COUNTS'!$A:$A,$A193,'BACKUP COUNTS'!$B:$B,I$1,'BACKUP COUNTS'!$G:$G,I$2)) | J193: =IF(SUMIFS('BACKUP COUNTS'!$F:$F,'BACKUP COUNTS'!$A:$A,$A193,'BACKUP COUNTS'!$B:$B,J$1,'BACKUP COUNTS'!$G:$G,J$2)=0,"",SUMIFS('BACKUP COUNTS'!$F:$F,'BACKUP COUNTS'!$A:$A,$A193,'BACKUP COUNTS'!$B:$B,J$1,'BACKUP COUNTS'!$G:$G,J$2)) | K193: =IF(SUMIFS('BACKUP COUNTS'!$F:$F,'BACKUP COUNTS'!$A:$A,$A193,'BACKUP COUNTS'!$B:$B,K$1,'BACKUP COUNTS'!$G:$G,K$2)=0,"",SUMIFS('BACKUP COUNTS'!$F:$F,'BACKUP COUNTS'!$A:$A,$A193,'BACKUP COUNTS'!$B:$B,K$1,'BACKUP COUNTS'!$G:$G,K$2)) | ... R193: =IF(SUMIFS('BACKUP COUNTS'!$F:$F,'BACKUP COUNTS'!$A:$A,$A193,'BACKUP COUNTS'!$B:$B,R$1,'BACKUP COUNTS'!$G:$G,R$2)=0,"",SUMIFS('BACKUP COUNTS'!$F:$F,'BACKUP COUNTS'!$A:$A,$A193,'BACKUP COUNTS'!$B:$B,R$1,'BACKUP COUNTS'!$G:$G,R$2))
A194: =IF(WEEKDAY(A193,2)=5,A193+3,A193+1) -> 46105 | B194: Y | C194: =IF(SUMIFS('BACKUP COUNTS'!$F:$F,'BACKUP COUNTS'!$A:$A,$A194,'BACKUP COUNTS'!$B:$B,C$2)=0,"",SUMIFS('BACKUP COUNTS'!$F:$F,'BACKUP COUNTS'!$A:$A,$A194,'BACKUP COUNTS'!$B:$B,C$2)) | D194: =IF(SUMIFS('BACKUP COUNTS'!$F:$F,'BACKUP COUNTS'!$A:$A,$A194,'BACKUP COUNTS'!$B:$B,D$1,'BACKUP COUNTS'!$G:$G,D$2)=0,"",SUMIFS('BACKUP COUNTS'!$F:$F,'BACKUP COUNTS'!$A:$A,$A194,'BACKUP COUNTS'!$B:$B,D$1,'BACKUP COUNTS'!$G:$G,D$2)) | E194: =IF(SUMIFS('BACKUP COUNTS'!$F:$F,'BACKUP COUNTS'!$A:$A,$A194,'BACKUP COUNTS'!$B:$B,E$1,'BACKUP COUNTS'!$G:$G,E$2)=0,"",SUMIFS('BACKUP COUNTS'!$F:$F,'BACKUP COUNTS'!$A:$A,$A194,'BACKUP COUNTS'!$B:$B,E$1,'BACKUP COUNTS'!$G:$G,E$2)) | F194: =IF(SUMIFS('BACKUP COUNTS'!$F:$F,'BACKUP COUNTS'!$A:$A,$A194,'BACKUP COUNTS'!$B:$B,F$1,'BACKUP COUNTS'!$G:$G,F$2)=0,"",SUMIFS('BACKUP COUNTS'!$F:$F,'BACKUP COUNTS'!$A:$A,$A194,'BACKUP COUNTS'!$B:$B,F$1,'BACKUP COUNTS'!$G:$G,F$2)) | G194: =IF(SUMIFS('BACKUP COUNTS'!$F:$F,'BACKUP COUNTS'!$A:$A,$A194,'BACKUP COUNTS'!$B:$B,G$1,'BACKUP COUNTS'!$G:$G,G$2)=0,"",SUMIFS('BACKUP COUNTS'!$F:$F,'BACKUP COUNTS'!$A:$A,$A194,'BACKUP COUNTS'!$B:$B,G$1,'BACKUP COUNTS'!$G:$G,G$2)) | H194: =IF(SUMIFS('BACKUP COUNTS'!$F:$F,'BACKUP COUNTS'!$A:$A,$A194,'BACKUP COUNTS'!$B:$B,H$1,'BACKUP COUNTS'!$G:$G,H$2)=0,"",SUMIFS('BACKUP COUNTS'!$F:$F,'BACKUP COUNTS'!$A:$A,$A194,'BACKUP COUNTS'!$B:$B,H$1,'BACKUP COUNTS'!$G:$G,H$2)) | I194: =IF(SUMIFS('BACKUP COUNTS'!$F:$F,'BACKUP COUNTS'!$A:$A,$A194,'BACKUP COUNTS'!$B:$B,I$1,'BACKUP COUNTS'!$G:$G,I$2)=0,"",SUMIFS('BACKUP COUNTS'!$F:$F,'BACKUP COUNTS'!$A:$A,$A194,'BACKUP COUNTS'!$B:$B,I$1,'BACKUP COUNTS'!$G:$G,I$2)) | J194: =IF(SUMIFS('BACKUP COUNTS'!$F:$F,'BACKUP COUNTS'!$A:$A,$A194,'BACKUP COUNTS'!$B:$B,J$1,'BACKUP COUNTS'!$G:$G,J$2)=0,"",SUMIFS('BACKUP COUNTS'!$F:$F,'BACKUP COUNTS'!$A:$A,$A194,'BACKUP COUNTS'!$B:$B,J$1,'BACKUP COUNTS'!$G:$G,J$2)) | K194: =IF(SUMIFS('BACKUP COUNTS'!$F:$F,'BACKUP COUNTS'!$A:$A,$A194,'BACKUP COUNTS'!$B:$B,K$1,'BACKUP COUNTS'!$G:$G,K$2)=0,"",SUMIFS('BACKUP COUNTS'!$F:$F,'BACKUP COUNTS'!$A:$A,$A194,'BACKUP COUNTS'!$B:$B,K$1,'BACKUP COUNTS'!$G:$G,K$2)) | ... R194: =IF(SUMIFS('BACKUP COUNTS'!$F:$F,'BACKUP COUNTS'!$A:$A,$A194,'BACKUP COUNTS'!$B:$B,R$1,'BACKUP COUNTS'!$G:$G,R$2)=0,"",SUMIFS('BACKUP COUNTS'!$F:$F,'BACKUP COUNTS'!$A:$A,$A194,'BACKUP COUNTS'!$B:$B,R$1,'BACKUP COUNTS'!$G:$G,R$2))
... A264: =IF(WEEKDAY(A263,2)=5,A263+3,A263+1) -> 46203 | B264: Y | C264: =IF(SUMIFS('BACKUP COUNTS'!$F:$F,'BACKUP COUNTS'!$A:$A,$A264,'BACKUP COUNTS'!$B:$B,C$2)=0,"",SUMIFS('BACKUP COUNTS'!$F:$F,'BACKUP COUNTS'!$A:$A,$A264,'BACKUP COUNTS'!$B:$B,C$2)) | D264: =IF(SUMIFS('BACKUP COUNTS'!$F:$F,'BACKUP COUNTS'!$A:$A,$A264,'BACKUP COUNTS'!$B:$B,D$1,'BACKUP COUNTS'!$G:$G,D$2)=0,"",SUMIFS('BACKUP COUNTS'!$F:$F,'BACKUP COUNTS'!$A:$A,$A264,'BACKUP COUNTS'!$B:$B,D$1,'BACKUP COUNTS'!$G:$G,D$2)) | E264: =IF(SUMIFS('BACKUP COUNTS'!$F:$F,'BACKUP COUNTS'!$A:$A,$A264,'BACKUP COUNTS'!$B:$B,E$1,'BACKUP COUNTS'!$G:$G,E$2)=0,"",SUMIFS('BACKUP COUNTS'!$F:$F,'BACKUP COUNTS'!$A:$A,$A264,'BACKUP COUNTS'!$B:$B,E$1,'BACKUP COUNTS'!$G:$G,E$2)) | F264: =IF(SUMIFS('BACKUP COUNTS'!$F:$F,'BACKUP COUNTS'!$A:$A,$A264,'BACKUP COUNTS'!$B:$B,F$1,'BACKUP COUNTS'!$G:$G,F$2)=0,"",SUMIFS('BACKUP COUNTS'!$F:$F,'BACKUP COUNTS'!$A:$A,$A264,'BACKUP COUNTS'!$B:$B,F$1,'BACKUP COUNTS'!$G:$G,F$2)) | G264: =IF(SUMIFS('BACKUP COUNTS'!$F:$F,'BACKUP COUNTS'!$A:$A,$A264,'BACKUP COUNTS'!$B:$B,G$1,'BACKUP COUNTS'!$G:$G,G$2)=0,"",SUMIFS('BACKUP COUNTS'!$F:$F,'BACKUP COUNTS'!$A:$A,$A264,'BACKUP COUNTS'!$B:$B,G$1,'BACKUP COUNTS'!$G:$G,G$2)) | H264: =IF(SUMIFS('BACKUP COUNTS'!$F:$F,'BACKUP COUNTS'!$A:$A,$A264,'BACKUP COUNTS'!$B:$B,H$1,'BACKUP COUNTS'!$G:$G,H$2)=0,"",SUMIFS('BACKUP COUNTS'!$F:$F,'BACKUP COUNTS'!$A:$A,$A264,'BACKUP COUNTS'!$B:$B,H$1,'BACKUP COUNTS'!$G:$G,H$2)) | I264: =IF(SUMIFS('BACKUP COUNTS'!$F:$F,'BACKUP COUNTS'!$A:$A,$A264,'BACKUP COUNTS'!$B:$B,I$1,'BACKUP COUNTS'!$G:$G,I$2)=0,"",SUMIFS('BACKUP COUNTS'!$F:$F,'BACKUP COUNTS'!$A:$A,$A264,'BACKUP COUNTS'!$B:$B,I$1,'BACKUP COUNTS'!$G:$G,I$2)) | J264: =IF(SUMIFS('BACKUP COUNTS'!$F:$F,'BACKUP COUNTS'!$A:$A,$A264,'BACKUP COUNTS'!$B:$B,J$1,'BACKUP COUNTS'!$G:$G,J$2)=0,"",SUMIFS('BACKUP COUNTS'!$F:$F,'BACKUP COUNTS'!$A:$A,$A264,'BACKUP COUNTS'!$B:$B,J$1,'BACKUP COUNTS'!$G:$G,J$2)) | K264: =IF(SUMIFS('BACKUP COUNTS'!$F:$F,'BACKUP COUNTS'!$A:$A,$A264,'BACKUP COUNTS'!$B:$B,K$1,'BACKUP COUNTS'!$G:$G,K$2)=0,"",SUMIFS('BACKUP COUNTS'!$F:$F,'BACKUP COUNTS'!$A:$A,$A264,'BACKUP COUNTS'!$B:$B,K$1,'BACKUP COUNTS'!$G:$G,K$2)) | ... R264: =IF(SUMIFS('BACKUP COUNTS'!$F:$F,'BACKUP COUNTS'!$A:$A,$A264,'BACKUP COUNTS'!$B:$B,R$1,'BACKUP COUNTS'!$G:$G,R$2)=0,"",SUMIFS('BACKUP COUNTS'!$F:$F,'BACKUP COUNTS'!$A:$A,$A264,'BACKUP COUNTS'!$B:$B,R$1,'BACKUP COUNTS'!$G:$G,R$2))

Sheet Backup Email Template
A1: =TODAY() -> 46146
A3: Overall Total: | C3: =SUM('BACKUP CALCULATIONS'!C3:AF3) -> 0
A5: Service Notes:
B10: Stadium Numbers
A11: Hour | B11: 5-6AM | C11: 6-7AM | D11: STD Total
A12: Pass. Count | B12: =SUM('BACKUP CALCULATIONS'!$C$3:$D$3) -> 0 | C12: =SUM('BACKUP CALCULATIONS'!$E$3:$F$3) -> 0 | D12: =SUM(B12:C12) -> 0 | K12: Nightly Email
K13: uts_commuter_counts@virginia.edu
B14: Fontaine Numbers
A15: Hour | B15: 7-8AM | C15: 8-9AM | D15: 9-10AM | E15: 10AM-2:30PM | F15: FRP Total
A16: Pass. Count | B16: =SUM('BACKUP CALCULATIONS'!$G$3:$H$3) -> 0 | C16: =SUM('BACKUP CALCULATIONS'!$I$3:$J$3) -> 0 | D16: =SUM('BACKUP CALCULATIONS'!$K$3:$L$3) -> 0 | E16: =SUM('BACKUP CALCULATIONS'!$M$3:$U$3) -> 0 | F16: =SUM(B16:E16) -> 0
B18: PM Numbers
A19: Hour | B19: 2:30-3PM | C19: 3-4PM | D19: 4-5PM | E19: 5-6PM | F19: 6-7PM | G19: 7-8PM | H19: PM Total
A20: Pass. Count | B20: =SUM('BACKUP CALCULATIONS'!$V$3) -> 0 | C20: =SUM('BACKUP CALCULATIONS'!$W$3:$X$3) -> 0 | D20: =SUM('BACKUP CALCULATIONS'!$Y$3:$Z$3) -> 0 | E20: =SUM('BACKUP CALCULATIONS'!$AA$3:$AB$3) -> 0 | F20: =SUM('BACKUP CALCULATIONS'!$AC$3:$AD$3) -> 0 | G20: =SUM('BACKUP CALCULATIONS'!$AE$3:$AF$3) -> 0 | H20: =SUM(B20:G20) -> 0

Sheet PURPLE APC
A1: Date | B1: Date | C1: On_Day | D1: Off_Day | E1: Route | F1: Route | G1: Rte_On | H1: Rte_Off | I1: Time | J1: Time | K1: Board | L1: Alight | M1: Half Hour | N1: Grouped | O1: Hour
A2: Date | B2: 46090 | C2: 3131 | D2: 3314 | E2: Route | F2: Purple Line | G2: 3131 | H2: 3314 | I2: TimeGroup | J2: 04:30 - 05:00 | K2: 10 | L2: 0 | M2: =IF($B2="","",_xlfn.NUMBERVALUE(LEFT($J2,5))) -> 0.1875 | N2: =IF(B2="","",IF($M2<10/48,10/48,IF($M2>39/48,39/48,$M2))) -> 0.20833333 | O2: =IF($A2="","",HOUR($N2)) -> 5
A3: Date | B3: 46090 | C3: 3131 | D3: 3314 | E3: Route | F3: Purple Line | G3: 3131 | H3: 3314 | I3: TimeGroup | J3: 05:00 - 05:30 | K3: 48 | L3: 45 | M3: =IF($B3="","",_xlfn.NUMBERVALUE(LEFT($J3,5))) -> 0.20833333 | N3: =IF(B3="","",IF($M3<10/48,10/48,IF($M3>39/48,39/48,$M3))) -> 0.20833333 | O3: =IF($A3="","",HOUR($N3)) -> 5
A4: Date | B4: 46090 | C4: 3131 | D4: 3314 | E4: Route | F4: Purple Line | G4: 3131 | H4: 3314 | I4: TimeGroup | J4: 05:30 - 06:00 | K4: 73 | L4: 78 | M4: =IF($B4="","",_xlfn.NUMBERVALUE(LEFT($J4,5))) -> 0.22916667 | N4: =IF(B4="","",IF($M4<10/48,10/48,IF($M4>39/48,39/48,$M4))) -> 0.22916667 | O4: =IF($A4="","",HOUR($N4)) -> 5
A5: Date | B5: 46090 | C5: 3131 | D5: 3314 | E5: Route | F5: Purple Line | G5: 3131 | H5: 3314 | I5: TimeGroup | J5: 06:00 - 06:30 | K5: 295 | L5: 215 | M5: =IF($B5="","",_xlfn.NUMBERVALUE(LEFT($J5,5))) -> 0.25 | N5: =IF(B5="","",IF($M5<10/48,10/48,IF($M5>39/48,39/48,$M5))) -> 0.25 | O5: =IF($A5="","",HOUR($N5)) -> 6
A6: Date | B6: 46090 | C6: 3131 | D6: 3314 | E6: Route | F6: Purple Line | G6: 3131 | H6: 3314 | I6: TimeGroup | J6: 06:30 - 07:00 | K6: 369 | L6: 436 | M6: =IF($B6="","",_xlfn.NUMBERVALUE(LEFT($J6,5))) -> 0.27083333 | N6: =IF(B6="","",IF($M6<10/48,10/48,IF($M6>39/48,39/48,$M6))) -> 0.27083333 | O6: =IF($A6="","",HOUR($N6)) -> 6
A7: Date | B7: 46090 | C7: 3131 | D7: 3314 | E7: Route | F7: Purple Line | G7: 3131 | H7: 3314 | I7: TimeGroup | J7: 07:00 - 07:30 | K7: 164 | L7: 194 | M7: =IF($B7="","",_xlfn.NUMBERVALUE(LEFT($J7,5))) -> 0.29166667 | N7: =IF(B7="","",IF($M7<10/48,10/48,IF($M7>39/48,39/48,$M7))) -> 0.29166667 | O7: =IF($A7="","",HOUR($N7)) -> 7
A8: Date | B8: 46090 | C8: 3131 | D8: 3314 | E8: Route | F8: Purple Line | G8: 3131 | H8: 3314 | I8: TimeGroup | J8: 07:30 - 08:00 | K8: 166 | L8: 191 | M8: =IF($B8="","",_xlfn.NUMBERVALUE(LEFT($J8,5))) -> 0.3125 | N8: =IF(B8="","",IF($M8<10/48,10/48,IF($M8>39/48,39/48,$M8))) -> 0.3125 | O8: =IF($A8="","",HOUR($N8)) -> 7
A9: Date | B9: 46090 | C9: 3131 | D9: 3314 | E9: Route | F9: Purple Line | G9: 3131 | H9: 3314 | I9: TimeGroup | J9: 08:00 - 08:30 | K9: 83 | L9: 111 | M9: =IF($B9="","",_xlfn.NUMBERVALUE(LEFT($J9,5))) -> 0.33333333 | N9: =IF(B9="","",IF($M9<10/48,10/48,IF($M9>39/48,39/48,$M9))) -> 0.33333333 | O9: =IF($A9="","",HOUR($N9)) -> 8
A10: Date | B10: 46090 | C10: 3131 | D10: 3314 | E10: Route | F10: Purple Line | G10: 3131 | H10: 3314 | I10: TimeGroup | J10: 08:30 - 09:00 | K10: 81 | L10: 73 | M10: =IF($B10="","",_xlfn.NUMBERVALUE(LEFT($J10,5))) -> 0.35416667 | N10: =IF(B10="","",IF($M10<10/48,10/48,IF($M10>39/48,39/48,$M10))) -> 0.35416667 | O10: =IF($A10="","",HOUR($N10)) -> 8
A11: Date | B11: 46090 | C11: 3131 | D11: 3314 | E11: Route | F11: Purple Line | G11: 3131 | H11: 3314 | I11: TimeGroup | J11: 09:00 - 09:30 | K11: 57 | L11: 69 | M11: =IF($B11="","",_xlfn.NUMBERVALUE(LEFT($J11,5))) -> 0.375 | N11: =IF(B11="","",IF($M11<10/48,10/48,IF($M11>39/48,39/48,$M11))) -> 0.375 | O11: =IF($A11="","",HOUR($N11)) -> 9
A12: Date | B12: 46090 | C12: 3131 | D12: 3314 | E12: Route | F12: Purple Line | G12: 3131 | H12: 3314 | I12: TimeGroup | J12: 09:30 - 10:00 | K12: 33 | L12: 52 | M12: =IF($B12="","",_xlfn.NUMBERVALUE(LEFT($J12,5))) -> 0.39583333 | N12: =IF(B12="","",IF($M12<10/48,10/48,IF($M12>39/48,39/48,$M12))) -> 0.39583333 | O12: =IF($A12="","",HOUR($N12)) -> 9
A13: Date | B13: 46090 | C13: 3131 | D13: 3314 | E13: Route | F13: Purple Line | G13: 3131 | H13: 3314 | I13: TimeGroup | J13: 10:00 - 10:30 | K13: 39 | L13: 41 | M13: =IF($B13="","",_xlfn.NUMBERVALUE(LEFT($J13,5))) -> 0.41666667 | N13: =IF(B13="","",IF($M13<10/48,10/48,IF($M13>39/48,39/48,$M13))) -> 0.41666667 | O13: =IF($A13="","",HOUR($N13)) -> 10
... A1288: Date | B1288: 46146 | C1288: 3186 | D1288: 3212 | E1288: Route | F1288: Purple Line | G1288: 3186 | H1288: 3212 | I1288: TimeGroup | J1288: 20:00 - 20:30 | K1288: 1 | L1288: 12 | M1288: =IF($B1288="","",_xlfn.NUMBERVALUE(LEFT($J1288,5))) -> 0.83333333 | N1288: =IF(B1288="","",IF($M1288<10/48,10/48,IF($M1288>39/48,39/48,$M1288))) -> 0.8125 | O1288: =IF($A1288="","",HOUR($N1288)) -> 19
M1289: =IF($B1289="","",_xlfn.NUMBERVALUE(LEFT($J1289,5))) | N1289: =IF(B1289="","",IF($M1289<10/48,10/48,IF($M1289>39/48,39/48,$M1289))) | O1289: =IF($A1289="","",HOUR($N1289))
M1290: =IF($B1290="","",_xlfn.NUMBERVALUE(LEFT($J1290,5))) | N1290: =IF(B1290="","",IF($M1290<10/48,10/48,IF($M1290>39/48,39/48,$M1290))) | O1290: =IF($A1290="","",HOUR($N1290))
M1291: =IF($B1291="","",_xlfn.NUMBERVALUE(LEFT($J1291,5))) | N1291: =IF(B1291="","",IF($M1291<10/48,10/48,IF($M1291>39/48,39/48,$M1291))) | O1291: =IF($A1291="","",HOUR($N1291))
M1292: =IF($B1292="","",_xlfn.NUMBERVALUE(LEFT($J1292,5))) | N1292: =IF(B1292="","",IF($M1292<10/48,10/48,IF($M1292>39/48,39/48,$M1292))) | O1292: =IF($A1292="","",HOUR($N1292))
M1293: =IF($B1293="","",_xlfn.NUMBERVALUE(LEFT($J1293,5))) | N1293: =IF(B1293="","",IF($M1293<10/48,10/48,IF($M1293>39/48,39/48,$M1293))) | O1293: =IF($A1293="","",HOUR($N1293))
M1294: =IF($B1294="","",_xlfn.NUMBERVALUE(LEFT($J1294,5))) | N1294: =IF(B1294="","",IF($M1294<10/48,10/48,IF($M1294>39/48,39/48,$M1294))) | O1294: =IF($A1294="","",HOUR($N1294))
M1295: =IF($B1295="","",_xlfn.NUMBERVALUE(LEFT($J1295,5))) | N1295: =IF(B1295="","",IF($M1295<10/48,10/48,IF($M1295>39/48,39/48,$M1295))) | O1295: =IF($A1295="","",HOUR($N1295))
M1296: =IF($B1296="","",_xlfn.NUMBERVALUE(LEFT($J1296,5))) | N1296: =IF(B1296="","",IF($M1296<10/48,10/48,IF($M1296>39/48,39/48,$M1296))) | O1296: =IF($A1296="","",HOUR($N1296))
M1297: =IF($B1297="","",_xlfn.NUMBERVALUE(LEFT($J1297,5))) | N1297: =IF(B1297="","",IF($M1297<10/48,10/48,IF($M1297>39/48,39/48,$M1297))) | O1297: =IF($A1297="","",HOUR($N1297))
M1298: =IF($B1298="","",_xlfn.NUMBERVALUE(LEFT($J1298,5))) | N1298: =IF(B1298="","",IF($M1298<10/48,10/48,IF($M1298>39/48,39/48,$M1298))) | O1298: =IF($A1298="","",HOUR($N1298))
M1299: =IF($B1299="","",_xlfn.NUMBERVALUE(LEFT($J1299,5))) | N1299: =IF(B1299="","",IF($M1299<10/48,10/48,IF($M1299>39/48,39/48,$M1299))) | O1299: =IF($A1299="","",HOUR($N1299))
M1300: =IF($B1300="","",_xlfn.NUMBERVALUE(LEFT($J1300,5))) | N1300: =IF(B1300="","",IF($M1300<10/48,10/48,IF($M1300>39/48,39/48,$M1300))) | O1300: =IF($A1300="","",HOUR($N1300))
... M11286: =IF($B11286="","",_xlfn.NUMBERVALUE(LEFT($J11286,5))) | N11286: =IF(B11286="","",IF($M11286<10/48,10/48,IF($M11286>39/48,39/48,$M11286))) | O11286: =IF($A11286="","",HOUR($N11286))

Sheet APC by Hour
A1: =TODAY() -> 46146 | C1: TODAY | E1: APC TOTALS | F1: MANUAL TOTALS | G1: RATIO | H1: PURPLE LINE APC BY HOUR
E2: 5 | F2: =E2+1 -> 6 | G2: =F2+1 -> 7 | H2: =G2+1 -> 8 | I2: =H2+1 -> 9 | J2: =I2+1 -> 10 | K2: =J2+1 -> 11 | L2: =K2+1 -> 12 | M2: =L2+1 -> 13 | ... V2: =U2+1 -> 22
A3: Date | C3: INCLUDE | D3: SERVICE | E3: RED | F3: TOTAL | H3: 5 | I3: 6 | J3: 7 | K3: 8 | L3: 9 | M3: 10 | N3: 11 | O3: 12 | P3: 13 | Q3: 14 | R3: 15 | S3: 16 | T3: 17 | U3: 18 | V3: 19
A4: 45839 | B4: =WEEKDAY(A4,2) -> 2 | C4: =IF(D4="N","","Y") -> Y | D4: R | E4: =IF($A4>$A$1,"",SUMIFS('PURPLE APC'!$K:$K,'PURPLE APC'!$B:$B,$A4)) -> 0 | F4: 1772 | G4: =IFERROR((F4-E4)/((E4+F4)/2),"") -> 2 | H4: =IF($A4>$A$1,"",SUMIFS('PURPLE APC'!$K:$K,'PURPLE APC'!$B:$B,$A4,'PURPLE APC'!$O:$O,H$3)) -> 0 | I4: =IF($A4>$A$1,"",SUMIFS('PURPLE APC'!$K:$K,'PURPLE APC'!$B:$B,$A4,'PURPLE APC'!$O:$O,I$3)) -> 0 | J4: =IF($A4>$A$1,"",SUMIFS('PURPLE APC'!$K:$K,'PURPLE APC'!$B:$B,$A4,'PURPLE APC'!$O:$O,J$3)) -> 0 | K4: =IF($A4>$A$1,"",SUMIFS('PURPLE APC'!$K:$K,'PURPLE APC'!$B:$B,$A4,'PURPLE APC'!$O:$O,K$3)) -> 0 | L4: =IF($A4>$A$1,"",SUMIFS('PURPLE APC'!$K:$K,'PURPLE APC'!$B:$B,$A4,'PURPLE APC'!$O:$O,L$3)) -> 0 | M4: =IF($A4>$A$1,"",SUMIFS('PURPLE APC'!$K:$K,'PURPLE APC'!$B:$B,$A4,'PURPLE APC'!$O:$O,M$3)) -> 0 | N4: =IF($A4>$A$1,"",SUMIFS('PURPLE APC'!$K:$K,'PURPLE APC'!$B:$B,$A4,'PURPLE APC'!$O:$O,N$3)) -> 0 | O4: =IF($A4>$A$1,"",SUMIFS('PURPLE APC'!$K:$K,'PURPLE APC'!$B:$B,$A4,'PURPLE APC'!$O:$O,O$3)) -> 0 | ... V4: =IF($A4>$A$1,"",SUMIFS('PURPLE APC'!$K:$K,'PURPLE APC'!$B:$B,$A4,'PURPLE APC'!$O:$O,V$3)) -> 0
A5: =IF(B4=5,A4+3,A4+1) -> 45840 | B5: =WEEKDAY(A5,2) -> 3 | C5: =IF(D5="N","","Y") -> Y | D5: R | E5: =IF($A5>$A$1,"",SUMIFS('PURPLE APC'!$K:$K,'PURPLE APC'!$B:$B,$A5)) -> 0 | F5: 1426 | G5: =IFERROR((F5-E5)/((E5+F5)/2),"") -> 2 | H5: =IF($A5>$A$1,"",SUMIFS('PURPLE APC'!$K:$K,'PURPLE APC'!$B:$B,$A5,'PURPLE APC'!$O:$O,H$3)) -> 0 | I5: =IF($A5>$A$1,"",SUMIFS('PURPLE APC'!$K:$K,'PURPLE APC'!$B:$B,$A5,'PURPLE APC'!$O:$O,I$3)) -> 0 | J5: =IF($A5>$A$1,"",SUMIFS('PURPLE APC'!$K:$K,'PURPLE APC'!$B:$B,$A5,'PURPLE APC'!$O:$O,J$3)) -> 0 | K5: =IF($A5>$A$1,"",SUMIFS('PURPLE APC'!$K:$K,'PURPLE APC'!$B:$B,$A5,'PURPLE APC'!$O:$O,K$3)) -> 0 | L5: =IF($A5>$A$1,"",SUMIFS('PURPLE APC'!$K:$K,'PURPLE APC'!$B:$B,$A5,'PURPLE APC'!$O:$O,L$3)) -> 0 | M5: =IF($A5>$A$1,"",SUMIFS('PURPLE APC'!$K:$K,'PURPLE APC'!$B:$B,$A5,'PURPLE APC'!$O:$O,M$3)) -> 0 | N5: =IF($A5>$A$1,"",SUMIFS('PURPLE APC'!$K:$K,'PURPLE APC'!$B:$B,$A5,'PURPLE APC'!$O:$O,N$3)) -> 0 | O5: =IF($A5>$A$1,"",SUMIFS('PURPLE APC'!$K:$K,'PURPLE APC'!$B:$B,$A5,'PURPLE APC'!$O:$O,O$3)) -> 0 | ... V5: =IF($A5>$A$1,"",SUMIFS('PURPLE APC'!$K:$K,'PURPLE APC'!$B:$B,$A5,'PURPLE APC'!$O:$O,V$3)) -> 0
A6: =IF(B5=5,A5+3,A5+1) -> 45841 | B6: =WEEKDAY(A6,2) -> 4 | C6: =IF(D6="N","","Y") -> Y | D6: R | E6: =IF($A6>$A$1,"",SUMIFS('PURPLE APC'!$K:$K,'PURPLE APC'!$B:$B,$A6)) -> 0 | F6: 1559.5 | G6: =IFERROR((F6-E6)/((E6+F6)/2),"") -> 2 | H6: =IF($A6>$A$1,"",SUMIFS('PURPLE APC'!$K:$K,'PURPLE APC'!$B:$B,$A6,'PURPLE APC'!$O:$O,H$3)) -> 0 | I6: =IF($A6>$A$1,"",SUMIFS('PURPLE APC'!$K:$K,'PURPLE APC'!$B:$B,$A6,'PURPLE APC'!$O:$O,I$3)) -> 0 | J6: =IF($A6>$A$1,"",SUMIFS('PURPLE APC'!$K:$K,'PURPLE APC'!$B:$B,$A6,'PURPLE APC'!$O:$O,J$3)) -> 0 | K6: =IF($A6>$A$1,"",SUMIFS('PURPLE APC'!$K:$K,'PURPLE APC'!$B:$B,$A6,'PURPLE APC'!$O:$O,K$3)) -> 0 | L6: =IF($A6>$A$1,"",SUMIFS('PURPLE APC'!$K:$K,'PURPLE APC'!$B:$B,$A6,'PURPLE APC'!$O:$O,L$3)) -> 0 | M6: =IF($A6>$A$1,"",SUMIFS('PURPLE APC'!$K:$K,'PURPLE APC'!$B:$B,$A6,'PURPLE APC'!$O:$O,M$3)) -> 0 | N6: =IF($A6>$A$1,"",SUMIFS('PURPLE APC'!$K:$K,'PURPLE APC'!$B:$B,$A6,'PURPLE APC'!$O:$O,N$3)) -> 0 | O6: =IF($A6>$A$1,"",SUMIFS('PURPLE APC'!$K:$K,'PURPLE APC'!$B:$B,$A6,'PURPLE APC'!$O:$O,O$3)) -> 0 | ... V6: =IF($A6>$A$1,"",SUMIFS('PURPLE APC'!$K:$K,'PURPLE APC'!$B:$B,$A6,'PURPLE APC'!$O:$O,V$3)) -> 0
A7: =IF(B6=5,A6+3,A6+1) -> 45842 | B7: =WEEKDAY(A7,2) -> 5 | C7: =IF(D7="N","","Y") | D7: N | E7: =IF($A7>$A$1,"",SUMIFS('PURPLE APC'!$K:$K,'PURPLE APC'!$B:$B,$A7)) -> 0 | F7: 0 | G7: =IFERROR((F7-E7)/((E7+F7)/2),"") | H7: =IF($A7>$A$1,"",SUMIFS('PURPLE APC'!$K:$K,'PURPLE APC'!$B:$B,$A7,'PURPLE APC'!$O:$O,H$3)) -> 0 | I7: =IF($A7>$A$1,"",SUMIFS('PURPLE APC'!$K:$K,'PURPLE APC'!$B:$B,$A7,'PURPLE APC'!$O:$O,I$3)) -> 0 | J7: =IF($A7>$A$1,"",SUMIFS('PURPLE APC'!$K:$K,'PURPLE APC'!$B:$B,$A7,'PURPLE APC'!$O:$O,J$3)) -> 0 | K7: =IF($A7>$A$1,"",SUMIFS('PURPLE APC'!$K:$K,'PURPLE APC'!$B:$B,$A7,'PURPLE APC'!$O:$O,K$3)) -> 0 | L7: =IF($A7>$A$1,"",SUMIFS('PURPLE APC'!$K:$K,'PURPLE APC'!$B:$B,$A7,'PURPLE APC'!$O:$O,L$3)) -> 0 | M7: =IF($A7>$A$1,"",SUMIFS('PURPLE APC'!$K:$K,'PURPLE APC'!$B:$B,$A7,'PURPLE APC'!$O:$O,M$3)) -> 0 | N7: =IF($A7>$A$1,"",SUMIFS('PURPLE APC'!$K:$K,'PURPLE APC'!$B:$B,$A7,'PURPLE APC'!$O:$O,N$3)) -> 0 | O7: =IF($A7>$A$1,"",SUMIFS('PURPLE APC'!$K:$K,'PURPLE APC'!$B:$B,$A7,'PURPLE APC'!$O:$O,O$3)) -> 0 | ... V7: =IF($A7>$A$1,"",SUMIFS('PURPLE APC'!$K:$K,'PURPLE APC'!$B:$B,$A7,'PURPLE APC'!$O:$O,V$3)) -> 0
A8: =IF(B7=5,A7+3,A7+1) -> 45845 | B8: =WEEKDAY(A8,2) -> 1 | C8: =IF(D8="N","","Y") -> Y | D8: R | E8: =IF($A8>$A$1,"",SUMIFS('PURPLE APC'!$K:$K,'PURPLE APC'!$B:$B,$A8)) -> 0 | F8: 1405.5 | G8: =IFERROR((F8-E8)/((E8+F8)/2),"") -> 2 | H8: =IF($A8>$A$1,"",SUMIFS('PURPLE APC'!$K:$K,'PURPLE APC'!$B:$B,$A8,'PURPLE APC'!$O:$O,H$3)) -> 0 | I8: =IF($A8>$A$1,"",SUMIFS('PURPLE APC'!$K:$K,'PURPLE APC'!$B:$B,$A8,'PURPLE APC'!$O:$O,I$3)) -> 0 | J8: =IF($A8>$A$1,"",SUMIFS('PURPLE APC'!$K:$K,'PURPLE APC'!$B:$B,$A8,'PURPLE APC'!$O:$O,J$3)) -> 0 | K8: =IF($A8>$A$1,"",SUMIFS('PURPLE APC'!$K:$K,'PURPLE APC'!$B:$B,$A8,'PURPLE APC'!$O:$O,K$3)) -> 0 | L8: =IF($A8>$A$1,"",SUMIFS('PURPLE APC'!$K:$K,'PURPLE APC'!$B:$B,$A8,'PURPLE APC'!$O:$O,L$3)) -> 0 | M8: =IF($A8>$A$1,"",SUMIFS('PURPLE APC'!$K:$K,'PURPLE APC'!$B:$B,$A8,'PURPLE APC'!$O:$O,M$3)) -> 0 | N8: =IF($A8>$A$1,"",SUMIFS('PURPLE APC'!$K:$K,'PURPLE APC'!$B:$B,$A8,'PURPLE APC'!$O:$O,N$3)) -> 0 | O8: =IF($A8>$A$1,"",SUMIFS('PURPLE APC'!$K:$K,'PURPLE APC'!$B:$B,$A8,'PURPLE APC'!$O:$O,O$3)) -> 0 | ... V8: =IF($A8>$A$1,"",SUMIFS('PURPLE APC'!$K:$K,'PURPLE APC'!$B:$B,$A8,'PURPLE APC'!$O:$O,V$3)) -> 0
A9: =IF(B8=5,A8+3,A8+1) -> 45846 | B9: =WEEKDAY(A9,2) -> 2 | C9: =IF(D9="N","","Y") -> Y | D9: R | E9: =IF($A9>$A$1,"",SUMIFS('PURPLE APC'!$K:$K,'PURPLE APC'!$B:$B,$A9)) -> 0 | F9: 1692.5 | G9: =IFERROR((F9-E9)/((E9+F9)/2),"") -> 2 | H9: =IF($A9>$A$1,"",SUMIFS('PURPLE APC'!$K:$K,'PURPLE APC'!$B:$B,$A9,'PURPLE APC'!$O:$O,H$3)) -> 0 | I9: =IF($A9>$A$1,"",SUMIFS('PURPLE APC'!$K:$K,'PURPLE APC'!$B:$B,$A9,'PURPLE APC'!$O:$O,I$3)) -> 0 | J9: =IF($A9>$A$1,"",SUMIFS('PURPLE APC'!$K:$K,'PURPLE APC'!$B:$B,$A9,'PURPLE APC'!$O:$O,J$3)) -> 0 | K9: =IF($A9>$A$1,"",SUMIFS('PURPLE APC'!$K:$K,'PURPLE APC'!$B:$B,$A9,'PURPLE APC'!$O:$O,K$3)) -> 0 | L9: =IF($A9>$A$1,"",SUMIFS('PURPLE APC'!$K:$K,'PURPLE APC'!$B:$B,$A9,'PURPLE APC'!$O:$O,L$3)) -> 0 | M9: =IF($A9>$A$1,"",SUMIFS('PURPLE APC'!$K:$K,'PURPLE APC'!$B:$B,$A9,'PURPLE APC'!$O:$O,M$3)) -> 0 | N9: =IF($A9>$A$1,"",SUMIFS('PURPLE APC'!$K:$K,'PURPLE APC'!$B:$B,$A9,'PURPLE APC'!$O:$O,N$3)) -> 0 | O9: =IF($A9>$A$1,"",SUMIFS('PURPLE APC'!$K:$K,'PURPLE APC'!$B:$B,$A9,'PURPLE APC'!$O:$O,O$3)) -> 0 | ... V9: =IF($A9>$A$1,"",SUMIFS('PURPLE APC'!$K:$K,'PURPLE APC'!$B:$B,$A9,'PURPLE APC'!$O:$O,V$3)) -> 0
A10: =IF(B9=5,A9+3,A9+1) -> 45847 | B10: =WEEKDAY(A10,2) -> 3 | C10: =IF(D10="N","","Y") -> Y | D10: R | E10: =IF($A10>$A$1,"",SUMIFS('PURPLE APC'!$K:$K,'PURPLE APC'!$B:$B,$A10)) -> 0 | F10: 1509.5 | G10: =IFERROR((F10-E10)/((E10+F10)/2),"") -> 2 | H10: =IF($A10>$A$1,"",SUMIFS('PURPLE APC'!$K:$K,'PURPLE APC'!$B:$B,$A10,'PURPLE APC'!$O:$O,H$3)) -> 0 | I10: =IF($A10>$A$1,"",SUMIFS('PURPLE APC'!$K:$K,'PURPLE APC'!$B:$B,$A10,'PURPLE APC'!$O:$O,I$3)) -> 0 | J10: =IF($A10>$A$1,"",SUMIFS('PURPLE APC'!$K:$K,'PURPLE APC'!$B:$B,$A10,'PURPLE APC'!$O:$O,J$3)) -> 0 | K10: =IF($A10>$A$1,"",SUMIFS('PURPLE APC'!$K:$K,'PURPLE APC'!$B:$B,$A10,'PURPLE APC'!$O:$O,K$3)) -> 0 | L10: =IF($A10>$A$1,"",SUMIFS('PURPLE APC'!$K:$K,'PURPLE APC'!$B:$B,$A10,'PURPLE APC'!$O:$O,L$3)) -> 0 | M10: =IF($A10>$A$1,"",SUMIFS('PURPLE APC'!$K:$K,'PURPLE APC'!$B:$B,$A10,'PURPLE APC'!$O:$O,M$3)) -> 0 | N10: =IF($A10>$A$1,"",SUMIFS('PURPLE APC'!$K:$K,'PURPLE APC'!$B:$B,$A10,'PURPLE APC'!$O:$O,N$3)) -> 0 | O10: =IF($A10>$A$1,"",SUMIFS('PURPLE APC'!$K:$K,'PURPLE APC'!$B:$B,$A10,'PURPLE APC'!$O:$O,O$3)) -> 0 | ... V10: =IF($A10>$A$1,"",SUMIFS('PURPLE APC'!$K:$K,'PURPLE APC'!$B:$B,$A10,'PURPLE APC'!$O:$O,V$3)) -> 0
A11: =IF(B10=5,A10+3,A10+1) -> 45848 | B11: =WEEKDAY(A11,2) -> 4 | C11: =IF(D11="N","","Y") -> Y | D11: R | E11: =IF($A11>$A$1,"",SUMIFS('PURPLE APC'!$K:$K,'PURPLE APC'!$B:$B,$A11)) -> 0 | F11: 1552.5 | G11: =IFERROR((F11-E11)/((E11+F11)/2),"") -> 2 | H11: =IF($A11>$A$1,"",SUMIFS('PURPLE APC'!$K:$K,'PURPLE APC'!$B:$B,$A11,'PURPLE APC'!$O:$O,H$3)) -> 0 | I11: =IF($A11>$A$1,"",SUMIFS('PURPLE APC'!$K:$K,'PURPLE APC'!$B:$B,$A11,'PURPLE APC'!$O:$O,I$3)) -> 0 | J11: =IF($A11>$A$1,"",SUMIFS('PURPLE APC'!$K:$K,'PURPLE APC'!$B:$B,$A11,'PURPLE APC'!$O:$O,J$3)) -> 0 | K11: =IF($A11>$A$1,"",SUMIFS('PURPLE APC'!$K:$K,'PURPLE APC'!$B:$B,$A11,'PURPLE APC'!$O:$O,K$3)) -> 0 | L11: =IF($A11>$A$1,"",SUMIFS('PURPLE APC'!$K:$K,'PURPLE APC'!$B:$B,$A11,'PURPLE APC'!$O:$O,L$3)) -> 0 | M11: =IF($A11>$A$1,"",SUMIFS('PURPLE APC'!$K:$K,'PURPLE APC'!$B:$B,$A11,'PURPLE APC'!$O:$O,M$3)) -> 0 | N11: =IF($A11>$A$1,"",SUMIFS('PURPLE APC'!$K:$K,'PURPLE APC'!$B:$B,$A11,'PURPLE APC'!$O:$O,N$3)) -> 0 | O11: =IF($A11>$A$1,"",SUMIFS('PURPLE APC'!$K:$K,'PURPLE APC'!$B:$B,$A11,'PURPLE APC'!$O:$O,O$3)) -> 0 | ... V11: =IF($A11>$A$1,"",SUMIFS('PURPLE APC'!$K:$K,'PURPLE APC'!$B:$B,$A11,'PURPLE APC'!$O:$O,V$3)) -> 0
A12: =IF(B11=5,A11+3,A11+1) -> 45849 | B12: =WEEKDAY(A12,2) -> 5 | C12: =IF(D12="N","","Y") -> Y | D12: R | E12: =IF($A12>$A$1,"",SUMIFS('PURPLE APC'!$K:$K,'PURPLE APC'!$B:$B,$A12)) -> 0 | F12: 1450 | G12: =IFERROR((F12-E12)/((E12+F12)/2),"") -> 2 | H12: =IF($A12>$A$1,"",SUMIFS('PURPLE APC'!$K:$K,'PURPLE APC'!$B:$B,$A12,'PURPLE APC'!$O:$O,H$3)) -> 0 | I12: =IF($A12>$A$1,"",SUMIFS('PURPLE APC'!$K:$K,'PURPLE APC'!$B:$B,$A12,'PURPLE APC'!$O:$O,I$3)) -> 0 | J12: =IF($A12>$A$1,"",SUMIFS('PURPLE APC'!$K:$K,'PURPLE APC'!$B:$B,$A12,'PURPLE APC'!$O:$O,J$3)) -> 0 | K12: =IF($A12>$A$1,"",SUMIFS('PURPLE APC'!$K:$K,'PURPLE APC'!$B:$B,$A12,'PURPLE APC'!$O:$O,K$3)) -> 0 | L12: =IF($A12>$A$1,"",SUMIFS('PURPLE APC'!$K:$K,'PURPLE APC'!$B:$B,$A12,'PURPLE APC'!$O:$O,L$3)) -> 0 | M12: =IF($A12>$A$1,"",SUMIFS('PURPLE APC'!$K:$K,'PURPLE APC'!$B:$B,$A12,'PURPLE APC'!$O:$O,M$3)) -> 0 | N12: =IF($A12>$A$1,"",SUMIFS('PURPLE APC'!$K:$K,'PURPLE APC'!$B:$B,$A12,'PURPLE APC'!$O:$O,N$3)) -> 0 | O12: =IF($A12>$A$1,"",SUMIFS('PURPLE APC'!$K:$K,'PURPLE APC'!$B:$B,$A12,'PURPLE APC'!$O:$O,O$3)) -> 0 | ... V12: =IF($A12>$A$1,"",SUMIFS('PURPLE APC'!$K:$K,'PURPLE APC'!$B:$B,$A12,'PURPLE APC'!$O:$O,V$3)) -> 0
A13: =IF(B12=5,A12+3,A12+1) -> 45852 | B13: =WEEKDAY(A13,2) -> 1 | C13: =IF(D13="N","","Y") -> Y | D13: R | E13: =IF($A13>$A$1,"",SUMIFS('PURPLE APC'!$K:$K,'PURPLE APC'!$B:$B,$A13)) -> 0 | F13: 1568.5 | G13: =IFERROR((F13-E13)/((E13+F13)/2),"") -> 2 | H13: =IF($A13>$A$1,"",SUMIFS('PURPLE APC'!$K:$K,'PURPLE APC'!$B:$B,$A13,'PURPLE APC'!$O:$O,H$3)) -> 0 | I13: =IF($A13>$A$1,"",SUMIFS('PURPLE APC'!$K:$K,'PURPLE APC'!$B:$B,$A13,'PURPLE APC'!$O:$O,I$3)) -> 0 | J13: =IF($A13>$A$1,"",SUMIFS('PURPLE APC'!$K:$K,'PURPLE APC'!$B:$B,$A13,'PURPLE APC'!$O:$O,J$3)) -> 0 | K13: =IF($A13>$A$1,"",SUMIFS('PURPLE APC'!$K:$K,'PURPLE APC'!$B:$B,$A13,'PURPLE APC'!$O:$O,K$3)) -> 0 | L13: =IF($A13>$A$1,"",SUMIFS('PURPLE APC'!$K:$K,'PURPLE APC'!$B:$B,$A13,'PURPLE APC'!$O:$O,L$3)) -> 0 | M13: =IF($A13>$A$1,"",SUMIFS('PURPLE APC'!$K:$K,'PURPLE APC'!$B:$B,$A13,'PURPLE APC'!$O:$O,M$3)) -> 0 | N13: =IF($A13>$A$1,"",SUMIFS('PURPLE APC'!$K:$K,'PURPLE APC'!$B:$B,$A13,'PURPLE APC'!$O:$O,N$3)) -> 0 | O13: =IF($A13>$A$1,"",SUMIFS('PURPLE APC'!$K:$K,'PURPLE APC'!$B:$B,$A13,'PURPLE APC'!$O:$O,O$3)) -> 0 | ... V13: =IF($A13>$A$1,"",SUMIFS('PURPLE APC'!$K:$K,'PURPLE APC'!$B:$B,$A13,'PURPLE APC'!$O:$O,V$3)) -> 0
A14: =IF(B13=5,A13+3,A13+1) -> 45853 | B14: =WEEKDAY(A14,2) -> 2 | C14: =IF(D14="N","","Y") -> Y | D14: R | E14: =IF($A14>$A$1,"",SUMIFS('PURPLE APC'!$K:$K,'PURPLE APC'!$B:$B,$A14)) -> 0 | F14: 1587.5 | G14: =IFERROR((F14-E14)/((E14+F14)/2),"") -> 2 | H14: =IF($A14>$A$1,"",SUMIFS('PURPLE APC'!$K:$K,'PURPLE APC'!$B:$B,$A14,'PURPLE APC'!$O:$O,H$3)) -> 0 | I14: =IF($A14>$A$1,"",SUMIFS('PURPLE APC'!$K:$K,'PURPLE APC'!$B:$B,$A14,'PURPLE APC'!$O:$O,I$3)) -> 0 | J14: =IF($A14>$A$1,"",SUMIFS('PURPLE APC'!$K:$K,'PURPLE APC'!$B:$B,$A14,'PURPLE APC'!$O:$O,J$3)) -> 0 | K14: =IF($A14>$A$1,"",SUMIFS('PURPLE APC'!$K:$K,'PURPLE APC'!$B:$B,$A14,'PURPLE APC'!$O:$O,K$3)) -> 0 | L14: =IF($A14>$A$1,"",SUMIFS('PURPLE APC'!$K:$K,'PURPLE APC'!$B:$B,$A14,'PURPLE APC'!$O:$O,L$3)) -> 0 | M14: =IF($A14>$A$1,"",SUMIFS('PURPLE APC'!$K:$K,'PURPLE APC'!$B:$B,$A14,'PURPLE APC'!$O:$O,M$3)) -> 0 | N14: =IF($A14>$A$1,"",SUMIFS('PURPLE APC'!$K:$K,'PURPLE APC'!$B:$B,$A14,'PURPLE APC'!$O:$O,N$3)) -> 0 | O14: =IF($A14>$A$1,"",SUMIFS('PURPLE APC'!$K:$K,'PURPLE APC'!$B:$B,$A14,'PURPLE APC'!$O:$O,O$3)) -> 0 | ... V14: =IF($A14>$A$1,"",SUMIFS('PURPLE APC'!$K:$K,'PURPLE APC'!$B:$B,$A14,'PURPLE APC'!$O:$O,V$3)) -> 0
A15: =IF(B14=5,A14+3,A14+1) -> 45854 | B15: =WEEKDAY(A15,2) -> 3 | C15: =IF(D15="N","","Y") -> Y | D15: R | E15: =IF($A15>$A$1,"",SUMIFS('PURPLE APC'!$K:$K,'PURPLE APC'!$B:$B,$A15)) -> 0 | F15: 1544.5 | G15: =IFERROR((F15-E15)/((E15+F15)/2),"") -> 2 | H15: =IF($A15>$A$1,"",SUMIFS('PURPLE APC'!$K:$K,'PURPLE APC'!$B:$B,$A15,'PURPLE APC'!$O:$O,H$3)) -> 0 | I15: =IF($A15>$A$1,"",SUMIFS('PURPLE APC'!$K:$K,'PURPLE APC'!$B:$B,$A15,'PURPLE APC'!$O:$O,I$3)) -> 0 | J15: =IF($A15>$A$1,"",SUMIFS('PURPLE APC'!$K:$K,'PURPLE APC'!$B:$B,$A15,'PURPLE APC'!$O:$O,J$3)) -> 0 | K15: =IF($A15>$A$1,"",SUMIFS('PURPLE APC'!$K:$K,'PURPLE APC'!$B:$B,$A15,'PURPLE APC'!$O:$O,K$3)) -> 0 | L15: =IF($A15>$A$1,"",SUMIFS('PURPLE APC'!$K:$K,'PURPLE APC'!$B:$B,$A15,'PURPLE APC'!$O:$O,L$3)) -> 0 | M15: =IF($A15>$A$1,"",SUMIFS('PURPLE APC'!$K:$K,'PURPLE APC'!$B:$B,$A15,'PURPLE APC'!$O:$O,M$3)) -> 0 | N15: =IF($A15>$A$1,"",SUMIFS('PURPLE APC'!$K:$K,'PURPLE APC'!$B:$B,$A15,'PURPLE APC'!$O:$O,N$3)) -> 0 | O15: =IF($A15>$A$1,"",SUMIFS('PURPLE APC'!$K:$K,'PURPLE APC'!$B:$B,$A15,'PURPLE APC'!$O:$O,O$3)) -> 0 | ... V15: =IF($A15>$A$1,"",SUMIFS('PURPLE APC'!$K:$K,'PURPLE APC'!$B:$B,$A15,'PURPLE APC'!$O:$O,V$3)) -> 0
A16: =IF(B15=5,A15+3,A15+1) -> 45855 | B16: =WEEKDAY(A16,2) -> 4 | C16: =IF(D16="N","","Y") -> Y | D16: R | E16: =IF($A16>$A$1,"",SUMIFS('PURPLE APC'!$K:$K,'PURPLE APC'!$B:$B,$A16)) -> 0 | F16: 1671 | G16: =IFERROR((F16-E16)/((E16+F16)/2),"") -> 2 | H16: =IF($A16>$A$1,"",SUMIFS('PURPLE APC'!$K:$K,'PURPLE APC'!$B:$B,$A16,'PURPLE APC'!$O:$O,H$3)) -> 0 | I16: =IF($A16>$A$1,"",SUMIFS('PURPLE APC'!$K:$K,'PURPLE APC'!$B:$B,$A16,'PURPLE APC'!$O:$O,I$3)) -> 0 | J16: =IF($A16>$A$1,"",SUMIFS('PURPLE APC'!$K:$K,'PURPLE APC'!$B:$B,$A16,'PURPLE APC'!$O:$O,J$3)) -> 0 | K16: =IF($A16>$A$1,"",SUMIFS('PURPLE APC'!$K:$K,'PURPLE APC'!$B:$B,$A16,'PURPLE APC'!$O:$O,K$3)) -> 0 | L16: =IF($A16>$A$1,"",SUMIFS('PURPLE APC'!$K:$K,'PURPLE APC'!$B:$B,$A16,'PURPLE APC'!$O:$O,L$3)) -> 0 | M16: =IF($A16>$A$1,"",SUMIFS('PURPLE APC'!$K:$K,'PURPLE APC'!$B:$B,$A16,'PURPLE APC'!$O:$O,M$3)) -> 0 | N16: =IF($A16>$A$1,"",SUMIFS('PURPLE APC'!$K:$K,'PURPLE APC'!$B:$B,$A16,'PURPLE APC'!$O:$O,N$3)) -> 0 | O16: =IF($A16>$A$1,"",SUMIFS('PURPLE APC'!$K:$K,'PURPLE APC'!$B:$B,$A16,'PURPLE APC'!$O:$O,O$3)) -> 0 | ... V16: =IF($A16>$A$1,"",SUMIFS('PURPLE APC'!$K:$K,'PURPLE APC'!$B:$B,$A16,'PURPLE APC'!$O:$O,V$3)) -> 0
... A34: =IF(B33=5,A33+3,A33+1) -> 45881 | B34: =WEEKDAY(A34,2) -> 2 | C34: =IF(D34="N","","Y") -> Y | D34: R | E34: =IF($A34>$A$1,"",SUMIFS('PURPLE APC'!$K:$K,'PURPLE APC'!$B:$B,$A34)) -> 0 | F34: 1523.5 | G34: =IFERROR((F34-E34)/((E34+F34)/2),"") -> 2 | H34: =IF($A34>$A$1,"",SUMIFS('PURPLE APC'!$K:$K,'PURPLE APC'!$B:$B,$A34,'PURPLE APC'!$O:$O,H$3)) -> 0 | I34: =IF($A34>$A$1,"",SUMIFS('PURPLE APC'!$K:$K,'PURPLE APC'!$B:$B,$A34,'PURPLE APC'!$O:$O,I$3)) -> 0 | J34: =IF($A34>$A$1,"",SUMIFS('PURPLE APC'!$K:$K,'PURPLE APC'!$B:$B,$A34,'PURPLE APC'!$O:$O,J$3)) -> 0 | K34: =IF($A34>$A$1,"",SUMIFS('PURPLE APC'!$K:$K,'PURPLE APC'!$B:$B,$A34,'PURPLE APC'!$O:$O,K$3)) -> 0 | L34: =IF($A34>$A$1,"",SUMIFS('PURPLE APC'!$K:$K,'PURPLE APC'!$B:$B,$A34,'PURPLE APC'!$O:$O,L$3)) -> 0 | M34: =IF($A34>$A$1,"",SUMIFS('PURPLE APC'!$K:$K,'PURPLE APC'!$B:$B,$A34,'PURPLE APC'!$O:$O,M$3)) -> 0 | N34: =IF($A34>$A$1,"",SUMIFS('PURPLE APC'!$K:$K,'PURPLE APC'!$B:$B,$A34,'PURPLE APC'!$O:$O,N$3)) -> 0 | O34: =IF($A34>$A$1,"",SUMIFS('PURPLE APC'!$K:$K,'PURPLE APC'!$B:$B,$A34,'PURPLE APC'!$O:$O,O$3)) -> 0 | ... V34: =IF($A34>$A$1,"",SUMIFS('PURPLE APC'!$K:$K,'PURPLE APC'!$B:$B,$A34,'PURPLE APC'!$O:$O,V$3)) -> 0
A35: =IF(B34=5,A34+3,A34+1) -> 45882 | B35: =WEEKDAY(A35,2) -> 3 | E35: =IF($A35>$A$1,"",SUMIFS('PURPLE APC'!$K:$K,'PURPLE APC'!$B:$B,$A35)) -> 0 | G35: =IFERROR((F35-E35)/((E35+F35)/2),"") | H35: =IF($A35>$A$1,"",SUMIFS('PURPLE APC'!$K:$K,'PURPLE APC'!$B:$B,$A35,'PURPLE APC'!$O:$O,H$3)) -> 0 | I35: =IF($A35>$A$1,"",SUMIFS('PURPLE APC'!$K:$K,'PURPLE APC'!$B:$B,$A35,'PURPLE APC'!$O:$O,I$3)) -> 0 | J35: =IF($A35>$A$1,"",SUMIFS('PURPLE APC'!$K:$K,'PURPLE APC'!$B:$B,$A35,'PURPLE APC'!$O:$O,J$3)) -> 0 | K35: =IF($A35>$A$1,"",SUMIFS('PURPLE APC'!$K:$K,'PURPLE APC'!$B:$B,$A35,'PURPLE APC'!$O:$O,K$3)) -> 0 | L35: =IF($A35>$A$1,"",SUMIFS('PURPLE APC'!$K:$K,'PURPLE APC'!$B:$B,$A35,'PURPLE APC'!$O:$O,L$3)) -> 0 | M35: =IF($A35>$A$1,"",SUMIFS('PURPLE APC'!$K:$K,'PURPLE APC'!$B:$B,$A35,'PURPLE APC'!$O:$O,M$3)) -> 0 | N35: =IF($A35>$A$1,"",SUMIFS('PURPLE APC'!$K:$K,'PURPLE APC'!$B:$B,$A35,'PURPLE APC'!$O:$O,N$3)) -> 0 | O35: =IF($A35>$A$1,"",SUMIFS('PURPLE APC'!$K:$K,'PURPLE APC'!$B:$B,$A35,'PURPLE APC'!$O:$O,O$3)) -> 0 | ... V35: =IF($A35>$A$1,"",SUMIFS('PURPLE APC'!$K:$K,'PURPLE APC'!$B:$B,$A35,'PURPLE APC'!$O:$O,V$3)) -> 0
A36: =IF(B35=5,A35+3,A35+1) -> 45883 | B36: =WEEKDAY(A36,2) -> 4 | E36: =IF($A36>$A$1,"",SUMIFS('PURPLE APC'!$K:$K,'PURPLE APC'!$B:$B,$A36)) -> 0 | G36: =IFERROR((F36-E36)/((E36+F36)/2),"") | H36: =IF($A36>$A$1,"",SUMIFS('PURPLE APC'!$K:$K,'PURPLE APC'!$B:$B,$A36,'PURPLE APC'!$O:$O,H$3)) -> 0 | I36: =IF($A36>$A$1,"",SUMIFS('PURPLE APC'!$K:$K,'PURPLE APC'!$B:$B,$A36,'PURPLE APC'!$O:$O,I$3)) -> 0 | J36: =IF($A36>$A$1,"",SUMIFS('PURPLE APC'!$K:$K,'PURPLE APC'!$B:$B,$A36,'PURPLE APC'!$O:$O,J$3)) -> 0 | K36: =IF($A36>$A$1,"",SUMIFS('PURPLE APC'!$K:$K,'PURPLE APC'!$B:$B,$A36,'PURPLE APC'!$O:$O,K$3)) -> 0 | L36: =IF($A36>$A$1,"",SUMIFS('PURPLE APC'!$K:$K,'PURPLE APC'!$B:$B,$A36,'PURPLE APC'!$O:$O,L$3)) -> 0 | M36: =IF($A36>$A$1,"",SUMIFS('PURPLE APC'!$K:$K,'PURPLE APC'!$B:$B,$A36,'PURPLE APC'!$O:$O,M$3)) -> 0 | N36: =IF($A36>$A$1,"",SUMIFS('PURPLE APC'!$K:$K,'PURPLE APC'!$B:$B,$A36,'PURPLE APC'!$O:$O,N$3)) -> 0 | O36: =IF($A36>$A$1,"",SUMIFS('PURPLE APC'!$K:$K,'PURPLE APC'!$B:$B,$A36,'PURPLE APC'!$O:$O,O$3)) -> 0 | ... V36: =IF($A36>$A$1,"",SUMIFS('PURPLE APC'!$K:$K,'PURPLE APC'!$B:$B,$A36,'PURPLE APC'!$O:$O,V$3)) -> 0
A37: =IF(B36=5,A36+3,A36+1) -> 45884 | B37: =WEEKDAY(A37,2) -> 5 | E37: =IF($A37>$A$1,"",SUMIFS('PURPLE APC'!$K:$K,'PURPLE APC'!$B:$B,$A37)) -> 0 | G37: =IFERROR((F37-E37)/((E37+F37)/2),"") | H37: =IF($A37>$A$1,"",SUMIFS('PURPLE APC'!$K:$K,'PURPLE APC'!$B:$B,$A37,'PURPLE APC'!$O:$O,H$3)) -> 0 | I37: =IF($A37>$A$1,"",SUMIFS('PURPLE APC'!$K:$K,'PURPLE APC'!$B:$B,$A37,'PURPLE APC'!$O:$O,I$3)) -> 0 | J37: =IF($A37>$A$1,"",SUMIFS('PURPLE APC'!$K:$K,'PURPLE APC'!$B:$B,$A37,'PURPLE APC'!$O:$O,J$3)) -> 0 | K37: =IF($A37>$A$1,"",SUMIFS('PURPLE APC'!$K:$K,'PURPLE APC'!$B:$B,$A37,'PURPLE APC'!$O:$O,K$3)) -> 0 | L37: =IF($A37>$A$1,"",SUMIFS('PURPLE APC'!$K:$K,'PURPLE APC'!$B:$B,$A37,'PURPLE APC'!$O:$O,L$3)) -> 0 | M37: =IF($A37>$A$1,"",SUMIFS('PURPLE APC'!$K:$K,'PURPLE APC'!$B:$B,$A37,'PURPLE APC'!$O:$O,M$3)) -> 0 | N37: =IF($A37>$A$1,"",SUMIFS('PURPLE APC'!$K:$K,'PURPLE APC'!$B:$B,$A37,'PURPLE APC'!$O:$O,N$3)) -> 0 | O37: =IF($A37>$A$1,"",SUMIFS('PURPLE APC'!$K:$K,'PURPLE APC'!$B:$B,$A37,'PURPLE APC'!$O:$O,O$3)) -> 0 | ... V37: =IF($A37>$A$1,"",SUMIFS('PURPLE APC'!$K:$K,'PURPLE APC'!$B:$B,$A37,'PURPLE APC'!$O:$O,V$3)) -> 0
A38: =IF(B37=5,A37+3,A37+1) -> 45887 | B38: =WEEKDAY(A38,2) -> 1 | E38: =IF($A38>$A$1,"",SUMIFS('PURPLE APC'!$K:$K,'PURPLE APC'!$B:$B,$A38)) -> 0 | G38: =IFERROR((F38-E38)/((E38+F38)/2),"") | H38: =IF($A38>$A$1,"",SUMIFS('PURPLE APC'!$K:$K,'PURPLE APC'!$B:$B,$A38,'PURPLE APC'!$O:$O,H$3)) -> 0 | I38: =IF($A38>$A$1,"",SUMIFS('PURPLE APC'!$K:$K,'PURPLE APC'!$B:$B,$A38,'PURPLE APC'!$O:$O,I$3)) -> 0 | J38: =IF($A38>$A$1,"",SUMIFS('PURPLE APC'!$K:$K,'PURPLE APC'!$B:$B,$A38,'PURPLE APC'!$O:$O,J$3)) -> 0 | K38: =IF($A38>$A$1,"",SUMIFS('PURPLE APC'!$K:$K,'PURPLE APC'!$B:$B,$A38,'PURPLE APC'!$O:$O,K$3)) -> 0 | L38: =IF($A38>$A$1,"",SUMIFS('PURPLE APC'!$K:$K,'PURPLE APC'!$B:$B,$A38,'PURPLE APC'!$O:$O,L$3)) -> 0 | M38: =IF($A38>$A$1,"",SUMIFS('PURPLE APC'!$K:$K,'PURPLE APC'!$B:$B,$A38,'PURPLE APC'!$O:$O,M$3)) -> 0 | N38: =IF($A38>$A$1,"",SUMIFS('PURPLE APC'!$K:$K,'PURPLE APC'!$B:$B,$A38,'PURPLE APC'!$O:$O,N$3)) -> 0 | O38: =IF($A38>$A$1,"",SUMIFS('PURPLE APC'!$K:$K,'PURPLE APC'!$B:$B,$A38,'PURPLE APC'!$O:$O,O$3)) -> 0 | ... V38: =IF($A38>$A$1,"",SUMIFS('PURPLE APC'!$K:$K,'PURPLE APC'!$B:$B,$A38,'PURPLE APC'!$O:$O,V$3)) -> 0
A39: =IF(B38=5,A38+3,A38+1) -> 45888 | B39: =WEEKDAY(A39,2) -> 2 | E39: =IF($A39>$A$1,"",SUMIFS('PURPLE APC'!$K:$K,'PURPLE APC'!$B:$B,$A39)) -> 0 | G39: =IFERROR((F39-E39)/((E39+F39)/2),"") | H39: =IF($A39>$A$1,"",SUMIFS('PURPLE APC'!$K:$K,'PURPLE APC'!$B:$B,$A39,'PURPLE APC'!$O:$O,H$3)) -> 0 | I39: =IF($A39>$A$1,"",SUMIFS('PURPLE APC'!$K:$K,'PURPLE APC'!$B:$B,$A39,'PURPLE APC'!$O:$O,I$3)) -> 0 | J39: =IF($A39>$A$1,"",SUMIFS('PURPLE APC'!$K:$K,'PURPLE APC'!$B:$B,$A39,'PURPLE APC'!$O:$O,J$3)) -> 0 | K39: =IF($A39>$A$1,"",SUMIFS('PURPLE APC'!$K:$K,'PURPLE APC'!$B:$B,$A39,'PURPLE APC'!$O:$O,K$3)) -> 0 | L39: =IF($A39>$A$1,"",SUMIFS('PURPLE APC'!$K:$K,'PURPLE APC'!$B:$B,$A39,'PURPLE APC'!$O:$O,L$3)) -> 0 | M39: =IF($A39>$A$1,"",SUMIFS('PURPLE APC'!$K:$K,'PURPLE APC'!$B:$B,$A39,'PURPLE APC'!$O:$O,M$3)) -> 0 | N39: =IF($A39>$A$1,"",SUMIFS('PURPLE APC'!$K:$K,'PURPLE APC'!$B:$B,$A39,'PURPLE APC'!$O:$O,N$3)) -> 0 | O39: =IF($A39>$A$1,"",SUMIFS('PURPLE APC'!$K:$K,'PURPLE APC'!$B:$B,$A39,'PURPLE APC'!$O:$O,O$3)) -> 0 | ... V39: =IF($A39>$A$1,"",SUMIFS('PURPLE APC'!$K:$K,'PURPLE APC'!$B:$B,$A39,'PURPLE APC'!$O:$O,V$3)) -> 0
A40: =IF(B39=5,A39+3,A39+1) -> 45889 | B40: =WEEKDAY(A40,2) -> 3 | E40: =IF($A40>$A$1,"",SUMIFS('PURPLE APC'!$K:$K,'PURPLE APC'!$B:$B,$A40)) -> 0 | G40: =IFERROR((F40-E40)/((E40+F40)/2),"") | H40: =IF($A40>$A$1,"",SUMIFS('PURPLE APC'!$K:$K,'PURPLE APC'!$B:$B,$A40,'PURPLE APC'!$O:$O,H$3)) -> 0 | I40: =IF($A40>$A$1,"",SUMIFS('PURPLE APC'!$K:$K,'PURPLE APC'!$B:$B,$A40,'PURPLE APC'!$O:$O,I$3)) -> 0 | J40: =IF($A40>$A$1,"",SUMIFS('PURPLE APC'!$K:$K,'PURPLE APC'!$B:$B,$A40,'PURPLE APC'!$O:$O,J$3)) -> 0 | K40: =IF($A40>$A$1,"",SUMIFS('PURPLE APC'!$K:$K,'PURPLE APC'!$B:$B,$A40,'PURPLE APC'!$O:$O,K$3)) -> 0 | L40: =IF($A40>$A$1,"",SUMIFS('PURPLE APC'!$K:$K,'PURPLE APC'!$B:$B,$A40,'PURPLE APC'!$O:$O,L$3)) -> 0 | M40: =IF($A40>$A$1,"",SUMIFS('PURPLE APC'!$K:$K,'PURPLE APC'!$B:$B,$A40,'PURPLE APC'!$O:$O,M$3)) -> 0 | N40: =IF($A40>$A$1,"",SUMIFS('PURPLE APC'!$K:$K,'PURPLE APC'!$B:$B,$A40,'PURPLE APC'!$O:$O,N$3)) -> 0 | O40: =IF($A40>$A$1,"",SUMIFS('PURPLE APC'!$K:$K,'PURPLE APC'!$B:$B,$A40,'PURPLE APC'!$O:$O,O$3)) -> 0 | ... V40: =IF($A40>$A$1,"",SUMIFS('PURPLE APC'!$K:$K,'PURPLE APC'!$B:$B,$A40,'PURPLE APC'!$O:$O,V$3)) -> 0
A41: =IF(B40=5,A40+3,A40+1) -> 45890 | B41: =WEEKDAY(A41,2) -> 4 | E41: =IF($A41>$A$1,"",SUMIFS('PURPLE APC'!$K:$K,'PURPLE APC'!$B:$B,$A41)) -> 0 | G41: =IFERROR((F41-E41)/((E41+F41)/2),"") | H41: =IF($A41>$A$1,"",SUMIFS('PURPLE APC'!$K:$K,'PURPLE APC'!$B:$B,$A41,'PURPLE APC'!$O:$O,H$3)) -> 0 | I41: =IF($A41>$A$1,"",SUMIFS('PURPLE APC'!$K:$K,'PURPLE APC'!$B:$B,$A41,'PURPLE APC'!$O:$O,I$3)) -> 0 | J41: =IF($A41>$A$1,"",SUMIFS('PURPLE APC'!$K:$K,'PURPLE APC'!$B:$B,$A41,'PURPLE APC'!$O:$O,J$3)) -> 0 | K41: =IF($A41>$A$1,"",SUMIFS('PURPLE APC'!$K:$K,'PURPLE APC'!$B:$B,$A41,'PURPLE APC'!$O:$O,K$3)) -> 0 | L41: =IF($A41>$A$1,"",SUMIFS('PURPLE APC'!$K:$K,'PURPLE APC'!$B:$B,$A41,'PURPLE APC'!$O:$O,L$3)) -> 0 | M41: =IF($A41>$A$1,"",SUMIFS('PURPLE APC'!$K:$K,'PURPLE APC'!$B:$B,$A41,'PURPLE APC'!$O:$O,M$3)) -> 0 | N41: =IF($A41>$A$1,"",SUMIFS('PURPLE APC'!$K:$K,'PURPLE APC'!$B:$B,$A41,'PURPLE APC'!$O:$O,N$3)) -> 0 | O41: =IF($A41>$A$1,"",SUMIFS('PURPLE APC'!$K:$K,'PURPLE APC'!$B:$B,$A41,'PURPLE APC'!$O:$O,O$3)) -> 0 | ... V41: =IF($A41>$A$1,"",SUMIFS('PURPLE APC'!$K:$K,'PURPLE APC'!$B:$B,$A41,'PURPLE APC'!$O:$O,V$3)) -> 0
A42: =IF(B41=5,A41+3,A41+1) -> 45891 | B42: =WEEKDAY(A42,2) -> 5 | E42: =IF($A42>$A$1,"",SUMIFS('PURPLE APC'!$K:$K,'PURPLE APC'!$B:$B,$A42)) -> 0 | G42: =IFERROR((F42-E42)/((E42+F42)/2),"") | H42: =IF($A42>$A$1,"",SUMIFS('PURPLE APC'!$K:$K,'PURPLE APC'!$B:$B,$A42,'PURPLE APC'!$O:$O,H$3)) -> 0 | I42: =IF($A42>$A$1,"",SUMIFS('PURPLE APC'!$K:$K,'PURPLE APC'!$B:$B,$A42,'PURPLE APC'!$O:$O,I$3)) -> 0 | J42: =IF($A42>$A$1,"",SUMIFS('PURPLE APC'!$K:$K,'PURPLE APC'!$B:$B,$A42,'PURPLE APC'!$O:$O,J$3)) -> 0 | K42: =IF($A42>$A$1,"",SUMIFS('PURPLE APC'!$K:$K,'PURPLE APC'!$B:$B,$A42,'PURPLE APC'!$O:$O,K$3)) -> 0 | L42: =IF($A42>$A$1,"",SUMIFS('PURPLE APC'!$K:$K,'PURPLE APC'!$B:$B,$A42,'PURPLE APC'!$O:$O,L$3)) -> 0 | M42: =IF($A42>$A$1,"",SUMIFS('PURPLE APC'!$K:$K,'PURPLE APC'!$B:$B,$A42,'PURPLE APC'!$O:$O,M$3)) -> 0 | N42: =IF($A42>$A$1,"",SUMIFS('PURPLE APC'!$K:$K,'PURPLE APC'!$B:$B,$A42,'PURPLE APC'!$O:$O,N$3)) -> 0 | O42: =IF($A42>$A$1,"",SUMIFS('PURPLE APC'!$K:$K,'PURPLE APC'!$B:$B,$A42,'PURPLE APC'!$O:$O,O$3)) -> 0 | ... V42: =IF($A42>$A$1,"",SUMIFS('PURPLE APC'!$K:$K,'PURPLE APC'!$B:$B,$A42,'PURPLE APC'!$O:$O,V$3)) -> 0
A43: =IF(B42=5,A42+3,A42+1) -> 45894 | B43: =WEEKDAY(A43,2) -> 1 | E43: =IF($A43>$A$1,"",SUMIFS('PURPLE APC'!$K:$K,'PURPLE APC'!$B:$B,$A43)) -> 0 | G43: =IFERROR((F43-E43)/((E43+F43)/2),"") | H43: =IF($A43>$A$1,"",SUMIFS('PURPLE APC'!$K:$K,'PURPLE APC'!$B:$B,$A43,'PURPLE APC'!$O:$O,H$3)) -> 0 | I43: =IF($A43>$A$1,"",SUMIFS('PURPLE APC'!$K:$K,'PURPLE APC'!$B:$B,$A43,'PURPLE APC'!$O:$O,I$3)) -> 0 | J43: =IF($A43>$A$1,"",SUMIFS('PURPLE APC'!$K:$K,'PURPLE APC'!$B:$B,$A43,'PURPLE APC'!$O:$O,J$3)) -> 0 | K43: =IF($A43>$A$1,"",SUMIFS('PURPLE APC'!$K:$K,'PURPLE APC'!$B:$B,$A43,'PURPLE APC'!$O:$O,K$3)) -> 0 | L43: =IF($A43>$A$1,"",SUMIFS('PURPLE APC'!$K:$K,'PURPLE APC'!$B:$B,$A43,'PURPLE APC'!$O:$O,L$3)) -> 0 | M43: =IF($A43>$A$1,"",SUMIFS('PURPLE APC'!$K:$K,'PURPLE APC'!$B:$B,$A43,'PURPLE APC'!$O:$O,M$3)) -> 0 | N43: =IF($A43>$A$1,"",SUMIFS('PURPLE APC'!$K:$K,'PURPLE APC'!$B:$B,$A43,'PURPLE APC'!$O:$O,N$3)) -> 0 | O43: =IF($A43>$A$1,"",SUMIFS('PURPLE APC'!$K:$K,'PURPLE APC'!$B:$B,$A43,'PURPLE APC'!$O:$O,O$3)) -> 0 | ... V43: =IF($A43>$A$1,"",SUMIFS('PURPLE APC'!$K:$K,'PURPLE APC'!$B:$B,$A43,'PURPLE APC'!$O:$O,V$3)) -> 0
A44: =IF(B43=5,A43+3,A43+1) -> 45895 | B44: =WEEKDAY(A44,2) -> 2 | E44: =IF($A44>$A$1,"",SUMIFS('PURPLE APC'!$K:$K,'PURPLE APC'!$B:$B,$A44)) -> 0 | G44: =IFERROR((F44-E44)/((E44+F44)/2),"") | H44: =IF($A44>$A$1,"",SUMIFS('PURPLE APC'!$K:$K,'PURPLE APC'!$B:$B,$A44,'PURPLE APC'!$O:$O,H$3)) -> 0 | I44: =IF($A44>$A$1,"",SUMIFS('PURPLE APC'!$K:$K,'PURPLE APC'!$B:$B,$A44,'PURPLE APC'!$O:$O,I$3)) -> 0 | J44: =IF($A44>$A$1,"",SUMIFS('PURPLE APC'!$K:$K,'PURPLE APC'!$B:$B,$A44,'PURPLE APC'!$O:$O,J$3)) -> 0 | K44: =IF($A44>$A$1,"",SUMIFS('PURPLE APC'!$K:$K,'PURPLE APC'!$B:$B,$A44,'PURPLE APC'!$O:$O,K$3)) -> 0 | L44: =IF($A44>$A$1,"",SUMIFS('PURPLE APC'!$K:$K,'PURPLE APC'!$B:$B,$A44,'PURPLE APC'!$O:$O,L$3)) -> 0 | M44: =IF($A44>$A$1,"",SUMIFS('PURPLE APC'!$K:$K,'PURPLE APC'!$B:$B,$A44,'PURPLE APC'!$O:$O,M$3)) -> 0 | N44: =IF($A44>$A$1,"",SUMIFS('PURPLE APC'!$K:$K,'PURPLE APC'!$B:$B,$A44,'PURPLE APC'!$O:$O,N$3)) -> 0 | O44: =IF($A44>$A$1,"",SUMIFS('PURPLE APC'!$K:$K,'PURPLE APC'!$B:$B,$A44,'PURPLE APC'!$O:$O,O$3)) -> 0 | ... V44: =IF($A44>$A$1,"",SUMIFS('PURPLE APC'!$K:$K,'PURPLE APC'!$B:$B,$A44,'PURPLE APC'!$O:$O,V$3)) -> 0
A45: =IF(B44=5,A44+3,A44+1) -> 45896 | B45: =WEEKDAY(A45,2) -> 3 | E45: =IF($A45>$A$1,"",SUMIFS('PURPLE APC'!$K:$K,'PURPLE APC'!$B:$B,$A45)) -> 0 | G45: =IFERROR((F45-E45)/((E45+F45)/2),"") | H45: =IF($A45>$A$1,"",SUMIFS('PURPLE APC'!$K:$K,'PURPLE APC'!$B:$B,$A45,'PURPLE APC'!$O:$O,H$3)) -> 0 | I45: =IF($A45>$A$1,"",SUMIFS('PURPLE APC'!$K:$K,'PURPLE APC'!$B:$B,$A45,'PURPLE APC'!$O:$O,I$3)) -> 0 | J45: =IF($A45>$A$1,"",SUMIFS('PURPLE APC'!$K:$K,'PURPLE APC'!$B:$B,$A45,'PURPLE APC'!$O:$O,J$3)) -> 0 | K45: =IF($A45>$A$1,"",SUMIFS('PURPLE APC'!$K:$K,'PURPLE APC'!$B:$B,$A45,'PURPLE APC'!$O:$O,K$3)) -> 0 | L45: =IF($A45>$A$1,"",SUMIFS('PURPLE APC'!$K:$K,'PURPLE APC'!$B:$B,$A45,'PURPLE APC'!$O:$O,L$3)) -> 0 | M45: =IF($A45>$A$1,"",SUMIFS('PURPLE APC'!$K:$K,'PURPLE APC'!$B:$B,$A45,'PURPLE APC'!$O:$O,M$3)) -> 0 | N45: =IF($A45>$A$1,"",SUMIFS('PURPLE APC'!$K:$K,'PURPLE APC'!$B:$B,$A45,'PURPLE APC'!$O:$O,N$3)) -> 0 | O45: =IF($A45>$A$1,"",SUMIFS('PURPLE APC'!$K:$K,'PURPLE APC'!$B:$B,$A45,'PURPLE APC'!$O:$O,O$3)) -> 0 | ... V45: =IF($A45>$A$1,"",SUMIFS('PURPLE APC'!$K:$K,'PURPLE APC'!$B:$B,$A45,'PURPLE APC'!$O:$O,V$3)) -> 0
A46: =IF(B45=5,A45+3,A45+1) -> 45897 | B46: =WEEKDAY(A46,2) -> 4 | E46: =IF($A46>$A$1,"",SUMIFS('PURPLE APC'!$K:$K,'PURPLE APC'!$B:$B,$A46)) -> 0 | G46: =IFERROR((F46-E46)/((E46+F46)/2),"") | H46: =IF($A46>$A$1,"",SUMIFS('PURPLE APC'!$K:$K,'PURPLE APC'!$B:$B,$A46,'PURPLE APC'!$O:$O,H$3)) -> 0 | I46: =IF($A46>$A$1,"",SUMIFS('PURPLE APC'!$K:$K,'PURPLE APC'!$B:$B,$A46,'PURPLE APC'!$O:$O,I$3)) -> 0 | J46: =IF($A46>$A$1,"",SUMIFS('PURPLE APC'!$K:$K,'PURPLE APC'!$B:$B,$A46,'PURPLE APC'!$O:$O,J$3)) -> 0 | K46: =IF($A46>$A$1,"",SUMIFS('PURPLE APC'!$K:$K,'PURPLE APC'!$B:$B,$A46,'PURPLE APC'!$O:$O,K$3)) -> 0 | L46: =IF($A46>$A$1,"",SUMIFS('PURPLE APC'!$K:$K,'PURPLE APC'!$B:$B,$A46,'PURPLE APC'!$O:$O,L$3)) -> 0 | M46: =IF($A46>$A$1,"",SUMIFS('PURPLE APC'!$K:$K,'PURPLE APC'!$B:$B,$A46,'PURPLE APC'!$O:$O,M$3)) -> 0 | N46: =IF($A46>$A$1,"",SUMIFS('PURPLE APC'!$K:$K,'PURPLE APC'!$B:$B,$A46,'PURPLE APC'!$O:$O,N$3)) -> 0 | O46: =IF($A46>$A$1,"",SUMIFS('PURPLE APC'!$K:$K,'PURPLE APC'!$B:$B,$A46,'PURPLE APC'!$O:$O,O$3)) -> 0 | ... V46: =IF($A46>$A$1,"",SUMIFS('PURPLE APC'!$K:$K,'PURPLE APC'!$B:$B,$A46,'PURPLE APC'!$O:$O,V$3)) -> 0
... A62: =IF(B61=5,A61+3,A61+1) -> 45919 | B62: =WEEKDAY(A62,2) -> 5 | E62: =IF($A62>$A$1,"",SUMIFS('PURPLE APC'!$K:$K,'PURPLE APC'!$B:$B,$A62)) -> 0 | G62: =IFERROR((F62-E62)/((E62+F62)/2),"") | H62: =IF($A62>$A$1,"",SUMIFS('PURPLE APC'!$K:$K,'PURPLE APC'!$B:$B,$A62,'PURPLE APC'!$O:$O,H$3)) -> 0 | I62: =IF($A62>$A$1,"",SUMIFS('PURPLE APC'!$K:$K,'PURPLE APC'!$B:$B,$A62,'PURPLE APC'!$O:$O,I$3)) -> 0 | J62: =IF($A62>$A$1,"",SUMIFS('PURPLE APC'!$K:$K,'PURPLE APC'!$B:$B,$A62,'PURPLE APC'!$O:$O,J$3)) -> 0 | K62: =IF($A62>$A$1,"",SUMIFS('PURPLE APC'!$K:$K,'PURPLE APC'!$B:$B,$A62,'PURPLE APC'!$O:$O,K$3)) -> 0 | L62: =IF($A62>$A$1,"",SUMIFS('PURPLE APC'!$K:$K,'PURPLE APC'!$B:$B,$A62,'PURPLE APC'!$O:$O,L$3)) -> 0 | M62: =IF($A62>$A$1,"",SUMIFS('PURPLE APC'!$K:$K,'PURPLE APC'!$B:$B,$A62,'PURPLE APC'!$O:$O,M$3)) -> 0 | N62: =IF($A62>$A$1,"",SUMIFS('PURPLE APC'!$K:$K,'PURPLE APC'!$B:$B,$A62,'PURPLE APC'!$O:$O,N$3)) -> 0 | O62: =IF($A62>$A$1,"",SUMIFS('PURPLE APC'!$K:$K,'PURPLE APC'!$B:$B,$A62,'PURPLE APC'!$O:$O,O$3)) -> 0 | ... V62: =IF($A62>$A$1,"",SUMIFS('PURPLE APC'!$K:$K,'PURPLE APC'!$B:$B,$A62,'PURPLE APC'!$O:$O,V$3)) -> 0
A63: =IF(B62=5,A62+3,A62+1) -> 45922 | B63: =WEEKDAY(A63,2) -> 1 | C63: Y | D63: F | E63: =IF($A63>$A$1,"",SUMIFS('PURPLE APC'!$K:$K,'PURPLE APC'!$B:$B,$A63)) -> 0 | G63: =IFERROR((F63-E63)/((E63+F63)/2),"") | H63: =IF($A63>$A$1,"",SUMIFS('PURPLE APC'!$K:$K,'PURPLE APC'!$B:$B,$A63,'PURPLE APC'!$O:$O,H$3)) -> 0 | I63: =IF($A63>$A$1,"",SUMIFS('PURPLE APC'!$K:$K,'PURPLE APC'!$B:$B,$A63,'PURPLE APC'!$O:$O,I$3)) -> 0 | J63: =IF($A63>$A$1,"",SUMIFS('PURPLE APC'!$K:$K,'PURPLE APC'!$B:$B,$A63,'PURPLE APC'!$O:$O,J$3)) -> 0 | K63: =IF($A63>$A$1,"",SUMIFS('PURPLE APC'!$K:$K,'PURPLE APC'!$B:$B,$A63,'PURPLE APC'!$O:$O,K$3)) -> 0 | L63: =IF($A63>$A$1,"",SUMIFS('PURPLE APC'!$K:$K,'PURPLE APC'!$B:$B,$A63,'PURPLE APC'!$O:$O,L$3)) -> 0 | M63: =IF($A63>$A$1,"",SUMIFS('PURPLE APC'!$K:$K,'PURPLE APC'!$B:$B,$A63,'PURPLE APC'!$O:$O,M$3)) -> 0 | N63: =IF($A63>$A$1,"",SUMIFS('PURPLE APC'!$K:$K,'PURPLE APC'!$B:$B,$A63,'PURPLE APC'!$O:$O,N$3)) -> 0 | O63: =IF($A63>$A$1,"",SUMIFS('PURPLE APC'!$K:$K,'PURPLE APC'!$B:$B,$A63,'PURPLE APC'!$O:$O,O$3)) -> 0 | ... V63: =IF($A63>$A$1,"",SUMIFS('PURPLE APC'!$K:$K,'PURPLE APC'!$B:$B,$A63,'PURPLE APC'!$O:$O,V$3)) -> 0
A64: =IF(B63=5,A63+3,A63+1) -> 45923 | B64: =WEEKDAY(A64,2) -> 2 | C64: =IF(D64="N","","Y") -> Y | D64: F | E64: =IF($A64>$A$1,"",SUMIFS('PURPLE APC'!$K:$K,'PURPLE APC'!$B:$B,$A64)) -> 0 | G64: =IFERROR((F64-E64)/((E64+F64)/2),"") | H64: =IF($A64>$A$1,"",SUMIFS('PURPLE APC'!$K:$K,'PURPLE APC'!$B:$B,$A64,'PURPLE APC'!$O:$O,H$3)) -> 0 | I64: =IF($A64>$A$1,"",SUMIFS('PURPLE APC'!$K:$K,'PURPLE APC'!$B:$B,$A64,'PURPLE APC'!$O:$O,I$3)) -> 0 | J64: =IF($A64>$A$1,"",SUMIFS('PURPLE APC'!$K:$K,'PURPLE APC'!$B:$B,$A64,'PURPLE APC'!$O:$O,J$3)) -> 0 | K64: =IF($A64>$A$1,"",SUMIFS('PURPLE APC'!$K:$K,'PURPLE APC'!$B:$B,$A64,'PURPLE APC'!$O:$O,K$3)) -> 0 | L64: =IF($A64>$A$1,"",SUMIFS('PURPLE APC'!$K:$K,'PURPLE APC'!$B:$B,$A64,'PURPLE APC'!$O:$O,L$3)) -> 0 | M64: =IF($A64>$A$1,"",SUMIFS('PURPLE APC'!$K:$K,'PURPLE APC'!$B:$B,$A64,'PURPLE APC'!$O:$O,M$3)) -> 0 | N64: =IF($A64>$A$1,"",SUMIFS('PURPLE APC'!$K:$K,'PURPLE APC'!$B:$B,$A64,'PURPLE APC'!$O:$O,N$3)) -> 0 | O64: =IF($A64>$A$1,"",SUMIFS('PURPLE APC'!$K:$K,'PURPLE APC'!$B:$B,$A64,'PURPLE APC'!$O:$O,O$3)) -> 0 | ... V64: =IF($A64>$A$1,"",SUMIFS('PURPLE APC'!$K:$K,'PURPLE APC'!$B:$B,$A64,'PURPLE APC'!$O:$O,V$3)) -> 0
A65: =IF(B64=5,A64+3,A64+1) -> 45924 | B65: =WEEKDAY(A65,2) -> 3 | C65: =IF(D65="N","","Y") -> Y | D65: F | E65: =IF($A65>$A$1,"",SUMIFS('PURPLE APC'!$K:$K,'PURPLE APC'!$B:$B,$A65)) -> 0 | G65: =IFERROR((F65-E65)/((E65+F65)/2),"") | H65: =IF($A65>$A$1,"",SUMIFS('PURPLE APC'!$K:$K,'PURPLE APC'!$B:$B,$A65,'PURPLE APC'!$O:$O,H$3)) -> 0 | I65: =IF($A65>$A$1,"",SUMIFS('PURPLE APC'!$K:$K,'PURPLE APC'!$B:$B,$A65,'PURPLE APC'!$O:$O,I$3)) -> 0 | J65: =IF($A65>$A$1,"",SUMIFS('PURPLE APC'!$K:$K,'PURPLE APC'!$B:$B,$A65,'PURPLE APC'!$O:$O,J$3)) -> 0 | K65: =IF($A65>$A$1,"",SUMIFS('PURPLE APC'!$K:$K,'PURPLE APC'!$B:$B,$A65,'PURPLE APC'!$O:$O,K$3)) -> 0 | L65: =IF($A65>$A$1,"",SUMIFS('PURPLE APC'!$K:$K,'PURPLE APC'!$B:$B,$A65,'PURPLE APC'!$O:$O,L$3)) -> 0 | M65: =IF($A65>$A$1,"",SUMIFS('PURPLE APC'!$K:$K,'PURPLE APC'!$B:$B,$A65,'PURPLE APC'!$O:$O,M$3)) -> 0 | N65: =IF($A65>$A$1,"",SUMIFS('PURPLE APC'!$K:$K,'PURPLE APC'!$B:$B,$A65,'PURPLE APC'!$O:$O,N$3)) -> 0 | O65: =IF($A65>$A$1,"",SUMIFS('PURPLE APC'!$K:$K,'PURPLE APC'!$B:$B,$A65,'PURPLE APC'!$O:$O,O$3)) -> 0 | ... V65: =IF($A65>$A$1,"",SUMIFS('PURPLE APC'!$K:$K,'PURPLE APC'!$B:$B,$A65,'PURPLE APC'!$O:$O,V$3)) -> 0
A66: =IF(B65=5,A65+3,A65+1) -> 45925 | B66: =WEEKDAY(A66,2) -> 4 | C66: =IF(D66="N","","Y") -> Y | D66: F | E66: =IF($A66>$A$1,"",SUMIFS('PURPLE APC'!$K:$K,'PURPLE APC'!$B:$B,$A66)) -> 0 | G66: =IFERROR((F66-E66)/((E66+F66)/2),"") | H66: =IF($A66>$A$1,"",SUMIFS('PURPLE APC'!$K:$K,'PURPLE APC'!$B:$B,$A66,'PURPLE APC'!$O:$O,H$3)) -> 0 | I66: =IF($A66>$A$1,"",SUMIFS('PURPLE APC'!$K:$K,'PURPLE APC'!$B:$B,$A66,'PURPLE APC'!$O:$O,I$3)) -> 0 | J66: =IF($A66>$A$1,"",SUMIFS('PURPLE APC'!$K:$K,'PURPLE APC'!$B:$B,$A66,'PURPLE APC'!$O:$O,J$3)) -> 0 | K66: =IF($A66>$A$1,"",SUMIFS('PURPLE APC'!$K:$K,'PURPLE APC'!$B:$B,$A66,'PURPLE APC'!$O:$O,K$3)) -> 0 | L66: =IF($A66>$A$1,"",SUMIFS('PURPLE APC'!$K:$K,'PURPLE APC'!$B:$B,$A66,'PURPLE APC'!$O:$O,L$3)) -> 0 | M66: =IF($A66>$A$1,"",SUMIFS('PURPLE APC'!$K:$K,'PURPLE APC'!$B:$B,$A66,'PURPLE APC'!$O:$O,M$3)) -> 0 | N66: =IF($A66>$A$1,"",SUMIFS('PURPLE APC'!$K:$K,'PURPLE APC'!$B:$B,$A66,'PURPLE APC'!$O:$O,N$3)) -> 0 | O66: =IF($A66>$A$1,"",SUMIFS('PURPLE APC'!$K:$K,'PURPLE APC'!$B:$B,$A66,'PURPLE APC'!$O:$O,O$3)) -> 0 | ... V66: =IF($A66>$A$1,"",SUMIFS('PURPLE APC'!$K:$K,'PURPLE APC'!$B:$B,$A66,'PURPLE APC'!$O:$O,V$3)) -> 0
A67: =IF(B66=5,A66+3,A66+1) -> 45926 | B67: =WEEKDAY(A67,2) -> 5 | E67: =IF($A67>$A$1,"",SUMIFS('PURPLE APC'!$K:$K,'PURPLE APC'!$B:$B,$A67)) -> 0 | F67: 1368 | G67: =IFERROR((F67-E67)/((E67+F67)/2),"") -> 2 | H67: =IF($A67>$A$1,"",SUMIFS('PURPLE APC'!$K:$K,'PURPLE APC'!$B:$B,$A67,'PURPLE APC'!$O:$O,H$3)) -> 0 | I67: =IF($A67>$A$1,"",SUMIFS('PURPLE APC'!$K:$K,'PURPLE APC'!$B:$B,$A67,'PURPLE APC'!$O:$O,I$3)) -> 0 | J67: =IF($A67>$A$1,"",SUMIFS('PURPLE APC'!$K:$K,'PURPLE APC'!$B:$B,$A67,'PURPLE APC'!$O:$O,J$3)) -> 0 | K67: =IF($A67>$A$1,"",SUMIFS('PURPLE APC'!$K:$K,'PURPLE APC'!$B:$B,$A67,'PURPLE APC'!$O:$O,K$3)) -> 0 | L67: =IF($A67>$A$1,"",SUMIFS('PURPLE APC'!$K:$K,'PURPLE APC'!$B:$B,$A67,'PURPLE APC'!$O:$O,L$3)) -> 0 | M67: =IF($A67>$A$1,"",SUMIFS('PURPLE APC'!$K:$K,'PURPLE APC'!$B:$B,$A67,'PURPLE APC'!$O:$O,M$3)) -> 0 | N67: =IF($A67>$A$1,"",SUMIFS('PURPLE APC'!$K:$K,'PURPLE APC'!$B:$B,$A67,'PURPLE APC'!$O:$O,N$3)) -> 0 | O67: =IF($A67>$A$1,"",SUMIFS('PURPLE APC'!$K:$K,'PURPLE APC'!$B:$B,$A67,'PURPLE APC'!$O:$O,O$3)) -> 0 | ... V67: =IF($A67>$A$1,"",SUMIFS('PURPLE APC'!$K:$K,'PURPLE APC'!$B:$B,$A67,'PURPLE APC'!$O:$O,V$3)) -> 0
A68: =IF(B67=5,A67+3,A67+1) -> 45929 | B68: =WEEKDAY(A68,2) -> 1 | C68: =IF(D68="N","","Y") -> Y | D68: F | E68: =IF($A68>$A$1,"",SUMIFS('PURPLE APC'!$K:$K,'PURPLE APC'!$B:$B,$A68)) -> 0 | F68: 1551 | G68: =IFERROR((F68-E68)/((E68+F68)/2),"") -> 2 | H68: =IF($A68>$A$1,"",SUMIFS('PURPLE APC'!$K:$K,'PURPLE APC'!$B:$B,$A68,'PURPLE APC'!$O:$O,H$3)) -> 0 | I68: =IF($A68>$A$1,"",SUMIFS('PURPLE APC'!$K:$K,'PURPLE APC'!$B:$B,$A68,'PURPLE APC'!$O:$O,I$3)) -> 0 | J68: =IF($A68>$A$1,"",SUMIFS('PURPLE APC'!$K:$K,'PURPLE APC'!$B:$B,$A68,'PURPLE APC'!$O:$O,J$3)) -> 0 | K68: =IF($A68>$A$1,"",SUMIFS('PURPLE APC'!$K:$K,'PURPLE APC'!$B:$B,$A68,'PURPLE APC'!$O:$O,K$3)) -> 0 | L68: =IF($A68>$A$1,"",SUMIFS('PURPLE APC'!$K:$K,'PURPLE APC'!$B:$B,$A68,'PURPLE APC'!$O:$O,L$3)) -> 0 | M68: =IF($A68>$A$1,"",SUMIFS('PURPLE APC'!$K:$K,'PURPLE APC'!$B:$B,$A68,'PURPLE APC'!$O:$O,M$3)) -> 0 | N68: =IF($A68>$A$1,"",SUMIFS('PURPLE APC'!$K:$K,'PURPLE APC'!$B:$B,$A68,'PURPLE APC'!$O:$O,N$3)) -> 0 | O68: =IF($A68>$A$1,"",SUMIFS('PURPLE APC'!$K:$K,'PURPLE APC'!$B:$B,$A68,'PURPLE APC'!$O:$O,O$3)) -> 0 | ... V68: =IF($A68>$A$1,"",SUMIFS('PURPLE APC'!$K:$K,'PURPLE APC'!$B:$B,$A68,'PURPLE APC'!$O:$O,V$3)) -> 0
A69: =IF(B68=5,A68+3,A68+1) -> 45930 | B69: =WEEKDAY(A69,2) -> 2 | C69: =IF(D69="N","","Y") -> Y | D69: F | E69: =IF($A69>$A$1,"",SUMIFS('PURPLE APC'!$K:$K,'PURPLE APC'!$B:$B,$A69)) -> 0 | F69: 1762 | G69: =IFERROR((F69-E69)/((E69+F69)/2),"") -> 2 | H69: =IF($A69>$A$1,"",SUMIFS('PURPLE APC'!$K:$K,'PURPLE APC'!$B:$B,$A69,'PURPLE APC'!$O:$O,H$3)) -> 0 | I69: =IF($A69>$A$1,"",SUMIFS('PURPLE APC'!$K:$K,'PURPLE APC'!$B:$B,$A69,'PURPLE APC'!$O:$O,I$3)) -> 0 | J69: =IF($A69>$A$1,"",SUMIFS('PURPLE APC'!$K:$K,'PURPLE APC'!$B:$B,$A69,'PURPLE APC'!$O:$O,J$3)) -> 0 | K69: =IF($A69>$A$1,"",SUMIFS('PURPLE APC'!$K:$K,'PURPLE APC'!$B:$B,$A69,'PURPLE APC'!$O:$O,K$3)) -> 0 | L69: =IF($A69>$A$1,"",SUMIFS('PURPLE APC'!$K:$K,'PURPLE APC'!$B:$B,$A69,'PURPLE APC'!$O:$O,L$3)) -> 0 | M69: =IF($A69>$A$1,"",SUMIFS('PURPLE APC'!$K:$K,'PURPLE APC'!$B:$B,$A69,'PURPLE APC'!$O:$O,M$3)) -> 0 | N69: =IF($A69>$A$1,"",SUMIFS('PURPLE APC'!$K:$K,'PURPLE APC'!$B:$B,$A69,'PURPLE APC'!$O:$O,N$3)) -> 0 | O69: =IF($A69>$A$1,"",SUMIFS('PURPLE APC'!$K:$K,'PURPLE APC'!$B:$B,$A69,'PURPLE APC'!$O:$O,O$3)) -> 0 | ... V69: =IF($A69>$A$1,"",SUMIFS('PURPLE APC'!$K:$K,'PURPLE APC'!$B:$B,$A69,'PURPLE APC'!$O:$O,V$3)) -> 0
A70: =IF(B69=5,A69+3,A69+1) -> 45931 | B70: =WEEKDAY(A70,2) -> 3 | C70: =IF(D70="N","","Y") -> Y | D70: F | E70: =IF($A70>$A$1,"",SUMIFS('PURPLE APC'!$K:$K,'PURPLE APC'!$B:$B,$A70)) -> 0 | G70: =IFERROR((F70-E70)/((E70+F70)/2),"") | H70: =IF($A70>$A$1,"",SUMIFS('PURPLE APC'!$K:$K,'PURPLE APC'!$B:$B,$A70,'PURPLE APC'!$O:$O,H$3)) -> 0 | I70: =IF($A70>$A$1,"",SUMIFS('PURPLE APC'!$K:$K,'PURPLE APC'!$B:$B,$A70,'PURPLE APC'!$O:$O,I$3)) -> 0 | J70: =IF($A70>$A$1,"",SUMIFS('PURPLE APC'!$K:$K,'PURPLE APC'!$B:$B,$A70,'PURPLE APC'!$O:$O,J$3)) -> 0 | K70: =IF($A70>$A$1,"",SUMIFS('PURPLE APC'!$K:$K,'PURPLE APC'!$B:$B,$A70,'PURPLE APC'!$O:$O,K$3)) -> 0 | L70: =IF($A70>$A$1,"",SUMIFS('PURPLE APC'!$K:$K,'PURPLE APC'!$B:$B,$A70,'PURPLE APC'!$O:$O,L$3)) -> 0 | M70: =IF($A70>$A$1,"",SUMIFS('PURPLE APC'!$K:$K,'PURPLE APC'!$B:$B,$A70,'PURPLE APC'!$O:$O,M$3)) -> 0 | N70: =IF($A70>$A$1,"",SUMIFS('PURPLE APC'!$K:$K,'PURPLE APC'!$B:$B,$A70,'PURPLE APC'!$O:$O,N$3)) -> 0 | O70: =IF($A70>$A$1,"",SUMIFS('PURPLE APC'!$K:$K,'PURPLE APC'!$B:$B,$A70,'PURPLE APC'!$O:$O,O$3)) -> 0 | ... V70: =IF($A70>$A$1,"",SUMIFS('PURPLE APC'!$K:$K,'PURPLE APC'!$B:$B,$A70,'PURPLE APC'!$O:$O,V$3)) -> 0
A71: =IF(B70=5,A70+3,A70+1) -> 45932 | B71: =WEEKDAY(A71,2) -> 4 | C71: =IF(D71="N","","Y") -> Y | D71: F | E71: =IF($A71>$A$1,"",SUMIFS('PURPLE APC'!$K:$K,'PURPLE APC'!$B:$B,$A71)) -> 0 | G71: =IFERROR((F71-E71)/((E71+F71)/2),"") | H71: =IF($A71>$A$1,"",SUMIFS('PURPLE APC'!$K:$K,'PURPLE APC'!$B:$B,$A71,'PURPLE APC'!$O:$O,H$3)) -> 0 | I71: =IF($A71>$A$1,"",SUMIFS('PURPLE APC'!$K:$K,'PURPLE APC'!$B:$B,$A71,'PURPLE APC'!$O:$O,I$3)) -> 0 | J71: =IF($A71>$A$1,"",SUMIFS('PURPLE APC'!$K:$K,'PURPLE APC'!$B:$B,$A71,'PURPLE APC'!$O:$O,J$3)) -> 0 | K71: =IF($A71>$A$1,"",SUMIFS('PURPLE APC'!$K:$K,'PURPLE APC'!$B:$B,$A71,'PURPLE APC'!$O:$O,K$3)) -> 0 | L71: =IF($A71>$A$1,"",SUMIFS('PURPLE APC'!$K:$K,'PURPLE APC'!$B:$B,$A71,'PURPLE APC'!$O:$O,L$3)) -> 0 | M71: =IF($A71>$A$1,"",SUMIFS('PURPLE APC'!$K:$K,'PURPLE APC'!$B:$B,$A71,'PURPLE APC'!$O:$O,M$3)) -> 0 | N71: =IF($A71>$A$1,"",SUMIFS('PURPLE APC'!$K:$K,'PURPLE APC'!$B:$B,$A71,'PURPLE APC'!$O:$O,N$3)) -> 0 | O71: =IF($A71>$A$1,"",SUMIFS('PURPLE APC'!$K:$K,'PURPLE APC'!$B:$B,$A71,'PURPLE APC'!$O:$O,O$3)) -> 0 | ... V71: =IF($A71>$A$1,"",SUMIFS('PURPLE APC'!$K:$K,'PURPLE APC'!$B:$B,$A71,'PURPLE APC'!$O:$O,V$3)) -> 0
A72: =IF(B71=5,A71+3,A71+1) -> 45933 | B72: =WEEKDAY(A72,2) -> 5 | C72: =IF(D72="N","","Y") -> Y | D72: F | E72: =IF($A72>$A$1,"",SUMIFS('PURPLE APC'!$K:$K,'PURPLE APC'!$B:$B,$A72)) -> 0 | G72: =IFERROR((F72-E72)/((E72+F72)/2),"") | H72: =IF($A72>$A$1,"",SUMIFS('PURPLE APC'!$K:$K,'PURPLE APC'!$B:$B,$A72,'PURPLE APC'!$O:$O,H$3)) -> 0 | I72: =IF($A72>$A$1,"",SUMIFS('PURPLE APC'!$K:$K,'PURPLE APC'!$B:$B,$A72,'PURPLE APC'!$O:$O,I$3)) -> 0 | J72: =IF($A72>$A$1,"",SUMIFS('PURPLE APC'!$K:$K,'PURPLE APC'!$B:$B,$A72,'PURPLE APC'!$O:$O,J$3)) -> 0 | K72: =IF($A72>$A$1,"",SUMIFS('PURPLE APC'!$K:$K,'PURPLE APC'!$B:$B,$A72,'PURPLE APC'!$O:$O,K$3)) -> 0 | L72: =IF($A72>$A$1,"",SUMIFS('PURPLE APC'!$K:$K,'PURPLE APC'!$B:$B,$A72,'PURPLE APC'!$O:$O,L$3)) -> 0 | M72: =IF($A72>$A$1,"",SUMIFS('PURPLE APC'!$K:$K,'PURPLE APC'!$B:$B,$A72,'PURPLE APC'!$O:$O,M$3)) -> 0 | N72: =IF($A72>$A$1,"",SUMIFS('PURPLE APC'!$K:$K,'PURPLE APC'!$B:$B,$A72,'PURPLE APC'!$O:$O,N$3)) -> 0 | O72: =IF($A72>$A$1,"",SUMIFS('PURPLE APC'!$K:$K,'PURPLE APC'!$B:$B,$A72,'PURPLE APC'!$O:$O,O$3)) -> 0 | ... V72: =IF($A72>$A$1,"",SUMIFS('PURPLE APC'!$K:$K,'PURPLE APC'!$B:$B,$A72,'PURPLE APC'!$O:$O,V$3)) -> 0
A73: =IF(B72=5,A72+3,A72+1) -> 45936 | B73: =WEEKDAY(A73,2) -> 1 | C73: =IF(D73="N","","Y") -> Y | D73: F | E73: =IF($A73>$A$1,"",SUMIFS('PURPLE APC'!$K:$K,'PURPLE APC'!$B:$B,$A73)) -> 0 | G73: =IFERROR((F73-E73)/((E73+F73)/2),"") | H73: =IF($A73>$A$1,"",SUMIFS('PURPLE APC'!$K:$K,'PURPLE APC'!$B:$B,$A73,'PURPLE APC'!$O:$O,H$3)) -> 0 | I73: =IF($A73>$A$1,"",SUMIFS('PURPLE APC'!$K:$K,'PURPLE APC'!$B:$B,$A73,'PURPLE APC'!$O:$O,I$3)) -> 0 | J73: =IF($A73>$A$1,"",SUMIFS('PURPLE APC'!$K:$K,'PURPLE APC'!$B:$B,$A73,'PURPLE APC'!$O:$O,J$3)) -> 0 | K73: =IF($A73>$A$1,"",SUMIFS('PURPLE APC'!$K:$K,'PURPLE APC'!$B:$B,$A73,'PURPLE APC'!$O:$O,K$3)) -> 0 | L73: =IF($A73>$A$1,"",SUMIFS('PURPLE APC'!$K:$K,'PURPLE APC'!$B:$B,$A73,'PURPLE APC'!$O:$O,L$3)) -> 0 | M73: =IF($A73>$A$1,"",SUMIFS('PURPLE APC'!$K:$K,'PURPLE APC'!$B:$B,$A73,'PURPLE APC'!$O:$O,M$3)) -> 0 | N73: =IF($A73>$A$1,"",SUMIFS('PURPLE APC'!$K:$K,'PURPLE APC'!$B:$B,$A73,'PURPLE APC'!$O:$O,N$3)) -> 0 | O73: =IF($A73>$A$1,"",SUMIFS('PURPLE APC'!$K:$K,'PURPLE APC'!$B:$B,$A73,'PURPLE APC'!$O:$O,O$3)) -> 0 | ... V73: =IF($A73>$A$1,"",SUMIFS('PURPLE APC'!$K:$K,'PURPLE APC'!$B:$B,$A73,'PURPLE APC'!$O:$O,V$3)) -> 0
A74: =IF(B73=5,A73+3,A73+1) -> 45937 | B74: =WEEKDAY(A74,2) -> 2 | C74: =IF(D74="N","","Y") -> Y | D74: F | E74: =IF($A74>$A$1,"",SUMIFS('PURPLE APC'!$K:$K,'PURPLE APC'!$B:$B,$A74)) -> 0 | G74: =IFERROR((F74-E74)/((E74+F74)/2),"") | H74: =IF($A74>$A$1,"",SUMIFS('PURPLE APC'!$K:$K,'PURPLE APC'!$B:$B,$A74,'PURPLE APC'!$O:$O,H$3)) -> 0 | I74: =IF($A74>$A$1,"",SUMIFS('PURPLE APC'!$K:$K,'PURPLE APC'!$B:$B,$A74,'PURPLE APC'!$O:$O,I$3)) -> 0 | J74: =IF($A74>$A$1,"",SUMIFS('PURPLE APC'!$K:$K,'PURPLE APC'!$B:$B,$A74,'PURPLE APC'!$O:$O,J$3)) -> 0 | K74: =IF($A74>$A$1,"",SUMIFS('PURPLE APC'!$K:$K,'PURPLE APC'!$B:$B,$A74,'PURPLE APC'!$O:$O,K$3)) -> 0 | L74: =IF($A74>$A$1,"",SUMIFS('PURPLE APC'!$K:$K,'PURPLE APC'!$B:$B,$A74,'PURPLE APC'!$O:$O,L$3)) -> 0 | M74: =IF($A74>$A$1,"",SUMIFS('PURPLE APC'!$K:$K,'PURPLE APC'!$B:$B,$A74,'PURPLE APC'!$O:$O,M$3)) -> 0 | N74: =IF($A74>$A$1,"",SUMIFS('PURPLE APC'!$K:$K,'PURPLE APC'!$B:$B,$A74,'PURPLE APC'!$O:$O,N$3)) -> 0 | O74: =IF($A74>$A$1,"",SUMIFS('PURPLE APC'!$K:$K,'PURPLE APC'!$B:$B,$A74,'PURPLE APC'!$O:$O,O$3)) -> 0 | ... V74: =IF($A74>$A$1,"",SUMIFS('PURPLE APC'!$K:$K,'PURPLE APC'!$B:$B,$A74,'PURPLE APC'!$O:$O,V$3)) -> 0
A75: =IF(B74=5,A74+3,A74+1) -> 45938 | B75: =WEEKDAY(A75,2) -> 3 | C75: =IF(D75="N","","Y") -> Y | D75: F | E75: =IF($A75>$A$1,"",SUMIFS('PURPLE APC'!$K:$K,'PURPLE APC'!$B:$B,$A75)) -> 0 | G75: =IFERROR((F75-E75)/((E75+F75)/2),"") | H75: =IF($A75>$A$1,"",SUMIFS('PURPLE APC'!$K:$K,'PURPLE APC'!$B:$B,$A75,'PURPLE APC'!$O:$O,H$3)) -> 0 | I75: =IF($A75>$A$1,"",SUMIFS('PURPLE APC'!$K:$K,'PURPLE APC'!$B:$B,$A75,'PURPLE APC'!$O:$O,I$3)) -> 0 | J75: =IF($A75>$A$1,"",SUMIFS('PURPLE APC'!$K:$K,'PURPLE APC'!$B:$B,$A75,'PURPLE APC'!$O:$O,J$3)) -> 0 | K75: =IF($A75>$A$1,"",SUMIFS('PURPLE APC'!$K:$K,'PURPLE APC'!$B:$B,$A75,'PURPLE APC'!$O:$O,K$3)) -> 0 | L75: =IF($A75>$A$1,"",SUMIFS('PURPLE APC'!$K:$K,'PURPLE APC'!$B:$B,$A75,'PURPLE APC'!$O:$O,L$3)) -> 0 | M75: =IF($A75>$A$1,"",SUMIFS('PURPLE APC'!$K:$K,'PURPLE APC'!$B:$B,$A75,'PURPLE APC'!$O:$O,M$3)) -> 0 | N75: =IF($A75>$A$1,"",SUMIFS('PURPLE APC'!$K:$K,'PURPLE APC'!$B:$B,$A75,'PURPLE APC'!$O:$O,N$3)) -> 0 | O75: =IF($A75>$A$1,"",SUMIFS('PURPLE APC'!$K:$K,'PURPLE APC'!$B:$B,$A75,'PURPLE APC'!$O:$O,O$3)) -> 0 | ... V75: =IF($A75>$A$1,"",SUMIFS('PURPLE APC'!$K:$K,'PURPLE APC'!$B:$B,$A75,'PURPLE APC'!$O:$O,V$3)) -> 0
A76: =IF(B75=5,A75+3,A75+1) -> 45939 | B76: =WEEKDAY(A76,2) -> 4 | C76: =IF(D76="N","","Y") -> Y | D76: F | E76: =IF($A76>$A$1,"",SUMIFS('PURPLE APC'!$K:$K,'PURPLE APC'!$B:$B,$A76)) -> 0 | G76: =IFERROR((F76-E76)/((E76+F76)/2),"") | H76: =IF($A76>$A$1,"",SUMIFS('PURPLE APC'!$K:$K,'PURPLE APC'!$B:$B,$A76,'PURPLE APC'!$O:$O,H$3)) -> 0 | I76: =IF($A76>$A$1,"",SUMIFS('PURPLE APC'!$K:$K,'PURPLE APC'!$B:$B,$A76,'PURPLE APC'!$O:$O,I$3)) -> 0 | J76: =IF($A76>$A$1,"",SUMIFS('PURPLE APC'!$K:$K,'PURPLE APC'!$B:$B,$A76,'PURPLE APC'!$O:$O,J$3)) -> 0 | K76: =IF($A76>$A$1,"",SUMIFS('PURPLE APC'!$K:$K,'PURPLE APC'!$B:$B,$A76,'PURPLE APC'!$O:$O,K$3)) -> 0 | L76: =IF($A76>$A$1,"",SUMIFS('PURPLE APC'!$K:$K,'PURPLE APC'!$B:$B,$A76,'PURPLE APC'!$O:$O,L$3)) -> 0 | M76: =IF($A76>$A$1,"",SUMIFS('PURPLE APC'!$K:$K,'PURPLE APC'!$B:$B,$A76,'PURPLE APC'!$O:$O,M$3)) -> 0 | N76: =IF($A76>$A$1,"",SUMIFS('PURPLE APC'!$K:$K,'PURPLE APC'!$B:$B,$A76,'PURPLE APC'!$O:$O,N$3)) -> 0 | O76: =IF($A76>$A$1,"",SUMIFS('PURPLE APC'!$K:$K,'PURPLE APC'!$B:$B,$A76,'PURPLE APC'!$O:$O,O$3)) -> 0 | ... V76: =IF($A76>$A$1,"",SUMIFS('PURPLE APC'!$K:$K,'PURPLE APC'!$B:$B,$A76,'PURPLE APC'!$O:$O,V$3)) -> 0
A77: =IF(B76=5,A76+3,A76+1) -> 45940 | B77: =WEEKDAY(A77,2) -> 5 | C77: =IF(D77="N","","Y") -> Y | D77: F | E77: =IF($A77>$A$1,"",SUMIFS('PURPLE APC'!$K:$K,'PURPLE APC'!$B:$B,$A77)) -> 0 | G77: =IFERROR((F77-E77)/((E77+F77)/2),"") | H77: =IF($A77>$A$1,"",SUMIFS('PURPLE APC'!$K:$K,'PURPLE APC'!$B:$B,$A77,'PURPLE APC'!$O:$O,H$3)) -> 0 | I77: =IF($A77>$A$1,"",SUMIFS('PURPLE APC'!$K:$K,'PURPLE APC'!$B:$B,$A77,'PURPLE APC'!$O:$O,I$3)) -> 0 | J77: =IF($A77>$A$1,"",SUMIFS('PURPLE APC'!$K:$K,'PURPLE APC'!$B:$B,$A77,'PURPLE APC'!$O:$O,J$3)) -> 0 | K77: =IF($A77>$A$1,"",SUMIFS('PURPLE APC'!$K:$K,'PURPLE APC'!$B:$B,$A77,'PURPLE APC'!$O:$O,K$3)) -> 0 | L77: =IF($A77>$A$1,"",SUMIFS('PURPLE APC'!$K:$K,'PURPLE APC'!$B:$B,$A77,'PURPLE APC'!$O:$O,L$3)) -> 0 | M77: =IF($A77>$A$1,"",SUMIFS('PURPLE APC'!$K:$K,'PURPLE APC'!$B:$B,$A77,'PURPLE APC'!$O:$O,M$3)) -> 0 | N77: =IF($A77>$A$1,"",SUMIFS('PURPLE APC'!$K:$K,'PURPLE APC'!$B:$B,$A77,'PURPLE APC'!$O:$O,N$3)) -> 0 | O77: =IF($A77>$A$1,"",SUMIFS('PURPLE APC'!$K:$K,'PURPLE APC'!$B:$B,$A77,'PURPLE APC'!$O:$O,O$3)) -> 0 | ... V77: =IF($A77>$A$1,"",SUMIFS('PURPLE APC'!$K:$K,'PURPLE APC'!$B:$B,$A77,'PURPLE APC'!$O:$O,V$3)) -> 0
A78: =IF(B77=5,A77+3,A77+1) -> 45943 | B78: =WEEKDAY(A78,2) -> 1 | C78: =IF(D78="N","","Y") -> Y | D78: F | E78: =IF($A78>$A$1,"",SUMIFS('PURPLE APC'!$K:$K,'PURPLE APC'!$B:$B,$A78)) -> 0 | G78: =IFERROR((F78-E78)/((E78+F78)/2),"") | H78: =IF($A78>$A$1,"",SUMIFS('PURPLE APC'!$K:$K,'PURPLE APC'!$B:$B,$A78,'PURPLE APC'!$O:$O,H$3)) -> 0 | I78: =IF($A78>$A$1,"",SUMIFS('PURPLE APC'!$K:$K,'PURPLE APC'!$B:$B,$A78,'PURPLE APC'!$O:$O,I$3)) -> 0 | J78: =IF($A78>$A$1,"",SUMIFS('PURPLE APC'!$K:$K,'PURPLE APC'!$B:$B,$A78,'PURPLE APC'!$O:$O,J$3)) -> 0 | K78: =IF($A78>$A$1,"",SUMIFS('PURPLE APC'!$K:$K,'PURPLE APC'!$B:$B,$A78,'PURPLE APC'!$O:$O,K$3)) -> 0 | L78: =IF($A78>$A$1,"",SUMIFS('PURPLE APC'!$K:$K,'PURPLE APC'!$B:$B,$A78,'PURPLE APC'!$O:$O,L$3)) -> 0 | M78: =IF($A78>$A$1,"",SUMIFS('PURPLE APC'!$K:$K,'PURPLE APC'!$B:$B,$A78,'PURPLE APC'!$O:$O,M$3)) -> 0 | N78: =IF($A78>$A$1,"",SUMIFS('PURPLE APC'!$K:$K,'PURPLE APC'!$B:$B,$A78,'PURPLE APC'!$O:$O,N$3)) -> 0 | O78: =IF($A78>$A$1,"",SUMIFS('PURPLE APC'!$K:$K,'PURPLE APC'!$B:$B,$A78,'PURPLE APC'!$O:$O,O$3)) -> 0 | ... V78: =IF($A78>$A$1,"",SUMIFS('PURPLE APC'!$K:$K,'PURPLE APC'!$B:$B,$A78,'PURPLE APC'!$O:$O,V$3)) -> 0
A79: =IF(B78=5,A78+3,A78+1) -> 45944 | B79: =WEEKDAY(A79,2) -> 2 | C79: =IF(D79="N","","Y") -> Y | D79: F | E79: =IF($A79>$A$1,"",SUMIFS('PURPLE APC'!$K:$K,'PURPLE APC'!$B:$B,$A79)) -> 0 | G79: =IFERROR((F79-E79)/((E79+F79)/2),"") | H79: =IF($A79>$A$1,"",SUMIFS('PURPLE APC'!$K:$K,'PURPLE APC'!$B:$B,$A79,'PURPLE APC'!$O:$O,H$3)) -> 0 | I79: =IF($A79>$A$1,"",SUMIFS('PURPLE APC'!$K:$K,'PURPLE APC'!$B:$B,$A79,'PURPLE APC'!$O:$O,I$3)) -> 0 | J79: =IF($A79>$A$1,"",SUMIFS('PURPLE APC'!$K:$K,'PURPLE APC'!$B:$B,$A79,'PURPLE APC'!$O:$O,J$3)) -> 0 | K79: =IF($A79>$A$1,"",SUMIFS('PURPLE APC'!$K:$K,'PURPLE APC'!$B:$B,$A79,'PURPLE APC'!$O:$O,K$3)) -> 0 | L79: =IF($A79>$A$1,"",SUMIFS('PURPLE APC'!$K:$K,'PURPLE APC'!$B:$B,$A79,'PURPLE APC'!$O:$O,L$3)) -> 0 | M79: =IF($A79>$A$1,"",SUMIFS('PURPLE APC'!$K:$K,'PURPLE APC'!$B:$B,$A79,'PURPLE APC'!$O:$O,M$3)) -> 0 | N79: =IF($A79>$A$1,"",SUMIFS('PURPLE APC'!$K:$K,'PURPLE APC'!$B:$B,$A79,'PURPLE APC'!$O:$O,N$3)) -> 0 | O79: =IF($A79>$A$1,"",SUMIFS('PURPLE APC'!$K:$K,'PURPLE APC'!$B:$B,$A79,'PURPLE APC'!$O:$O,O$3)) -> 0 | ... V79: =IF($A79>$A$1,"",SUMIFS('PURPLE APC'!$K:$K,'PURPLE APC'!$B:$B,$A79,'PURPLE APC'!$O:$O,V$3)) -> 0
A80: =IF(B79=5,A79+3,A79+1) -> 45945 | B80: =WEEKDAY(A80,2) -> 3 | C80: =IF(D80="N","","Y") -> Y | D80: F | E80: =IF($A80>$A$1,"",SUMIFS('PURPLE APC'!$K:$K,'PURPLE APC'!$B:$B,$A80)) -> 0 | G80: =IFERROR((F80-E80)/((E80+F80)/2),"") | H80: =IF($A80>$A$1,"",SUMIFS('PURPLE APC'!$K:$K,'PURPLE APC'!$B:$B,$A80,'PURPLE APC'!$O:$O,H$3)) -> 0 | I80: =IF($A80>$A$1,"",SUMIFS('PURPLE APC'!$K:$K,'PURPLE APC'!$B:$B,$A80,'PURPLE APC'!$O:$O,I$3)) -> 0 | J80: =IF($A80>$A$1,"",SUMIFS('PURPLE APC'!$K:$K,'PURPLE APC'!$B:$B,$A80,'PURPLE APC'!$O:$O,J$3)) -> 0 | K80: =IF($A80>$A$1,"",SUMIFS('PURPLE APC'!$K:$K,'PURPLE APC'!$B:$B,$A80,'PURPLE APC'!$O:$O,K$3)) -> 0 | L80: =IF($A80>$A$1,"",SUMIFS('PURPLE APC'!$K:$K,'PURPLE APC'!$B:$B,$A80,'PURPLE APC'!$O:$O,L$3)) -> 0 | M80: =IF($A80>$A$1,"",SUMIFS('PURPLE APC'!$K:$K,'PURPLE APC'!$B:$B,$A80,'PURPLE APC'!$O:$O,M$3)) -> 0 | N80: =IF($A80>$A$1,"",SUMIFS('PURPLE APC'!$K:$K,'PURPLE APC'!$B:$B,$A80,'PURPLE APC'!$O:$O,N$3)) -> 0 | O80: =IF($A80>$A$1,"",SUMIFS('PURPLE APC'!$K:$K,'PURPLE APC'!$B:$B,$A80,'PURPLE APC'!$O:$O,O$3)) -> 0 | ... V80: =IF($A80>$A$1,"",SUMIFS('PURPLE APC'!$K:$K,'PURPLE APC'!$B:$B,$A80,'PURPLE APC'!$O:$O,V$3)) -> 0
A81: =IF(B80=5,A80+3,A80+1) -> 45946 | B81: =WEEKDAY(A81,2) -> 4 | C81: =IF(D81="N","","Y") -> Y | D81: F | E81: =IF($A81>$A$1,"",SUMIFS('PURPLE APC'!$K:$K,'PURPLE APC'!$B:$B,$A81)) -> 0 | G81: =IFERROR((F81-E81)/((E81+F81)/2),"") | H81: =IF($A81>$A$1,"",SUMIFS('PURPLE APC'!$K:$K,'PURPLE APC'!$B:$B,$A81,'PURPLE APC'!$O:$O,H$3)) -> 0 | I81: =IF($A81>$A$1,"",SUMIFS('PURPLE APC'!$K:$K,'PURPLE APC'!$B:$B,$A81,'PURPLE APC'!$O:$O,I$3)) -> 0 | J81: =IF($A81>$A$1,"",SUMIFS('PURPLE APC'!$K:$K,'PURPLE APC'!$B:$B,$A81,'PURPLE APC'!$O:$O,J$3)) -> 0 | K81: =IF($A81>$A$1,"",SUMIFS('PURPLE APC'!$K:$K,'PURPLE APC'!$B:$B,$A81,'PURPLE APC'!$O:$O,K$3)) -> 0 | L81: =IF($A81>$A$1,"",SUMIFS('PURPLE APC'!$K:$K,'PURPLE APC'!$B:$B,$A81,'PURPLE APC'!$O:$O,L$3)) -> 0 | M81: =IF($A81>$A$1,"",SUMIFS('PURPLE APC'!$K:$K,'PURPLE APC'!$B:$B,$A81,'PURPLE APC'!$O:$O,M$3)) -> 0 | N81: =IF($A81>$A$1,"",SUMIFS('PURPLE APC'!$K:$K,'PURPLE APC'!$B:$B,$A81,'PURPLE APC'!$O:$O,N$3)) -> 0 | O81: =IF($A81>$A$1,"",SUMIFS('PURPLE APC'!$K:$K,'PURPLE APC'!$B:$B,$A81,'PURPLE APC'!$O:$O,O$3)) -> 0 | ... V81: =IF($A81>$A$1,"",SUMIFS('PURPLE APC'!$K:$K,'PURPLE APC'!$B:$B,$A81,'PURPLE APC'!$O:$O,V$3)) -> 0
... A105: =IF(B104=5,A104+3,A104+1) -> 45980 | B105: =WEEKDAY(A105,2) -> 3 | C105: =IF(D105="N","","Y") -> Y | D105: F | E105: =IF($A105>$A$1,"",SUMIFS('PURPLE APC'!$K:$K,'PURPLE APC'!$B:$B,$A105)) -> 0 | G105: =IFERROR((F105-E105)/((E105+F105)/2),"") | H105: =IF($A105>$A$1,"",SUMIFS('PURPLE APC'!$K:$K,'PURPLE APC'!$B:$B,$A105,'PURPLE APC'!$O:$O,H$3)) -> 0 | I105: =IF($A105>$A$1,"",SUMIFS('PURPLE APC'!$K:$K,'PURPLE APC'!$B:$B,$A105,'PURPLE APC'!$O:$O,I$3)) -> 0 | J105: =IF($A105>$A$1,"",SUMIFS('PURPLE APC'!$K:$K,'PURPLE APC'!$B:$B,$A105,'PURPLE APC'!$O:$O,J$3)) -> 0 | K105: =IF($A105>$A$1,"",SUMIFS('PURPLE APC'!$K:$K,'PURPLE APC'!$B:$B,$A105,'PURPLE APC'!$O:$O,K$3)) -> 0 | L105: =IF($A105>$A$1,"",SUMIFS('PURPLE APC'!$K:$K,'PURPLE APC'!$B:$B,$A105,'PURPLE APC'!$O:$O,L$3)) -> 0 | M105: =IF($A105>$A$1,"",SUMIFS('PURPLE APC'!$K:$K,'PURPLE APC'!$B:$B,$A105,'PURPLE APC'!$O:$O,M$3)) -> 0 | N105: =IF($A105>$A$1,"",SUMIFS('PURPLE APC'!$K:$K,'PURPLE APC'!$B:$B,$A105,'PURPLE APC'!$O:$O,N$3)) -> 0 | O105: =IF($A105>$A$1,"",SUMIFS('PURPLE APC'!$K:$K,'PURPLE APC'!$B:$B,$A105,'PURPLE APC'!$O:$O,O$3)) -> 0 | ... V105: =IF($A105>$A$1,"",SUMIFS('PURPLE APC'!$K:$K,'PURPLE APC'!$B:$B,$A105,'PURPLE APC'!$O:$O,V$3)) -> 0
A106: =IF(B105=5,A105+3,A105+1) -> 45981 | B106: =WEEKDAY(A106,2) -> 4 | C106: Y | D106: F | E106: =IF($A106>$A$1,"",SUMIFS('PURPLE APC'!$K:$K,'PURPLE APC'!$B:$B,$A106)) -> 0 | G106: =IFERROR((F106-E106)/((E106+F106)/2),"") | H106: =IF($A106>$A$1,"",SUMIFS('PURPLE APC'!$K:$K,'PURPLE APC'!$B:$B,$A106,'PURPLE APC'!$O:$O,H$3)) -> 0 | I106: =IF($A106>$A$1,"",SUMIFS('PURPLE APC'!$K:$K,'PURPLE APC'!$B:$B,$A106,'PURPLE APC'!$O:$O,I$3)) -> 0 | J106: =IF($A106>$A$1,"",SUMIFS('PURPLE APC'!$K:$K,'PURPLE APC'!$B:$B,$A106,'PURPLE APC'!$O:$O,J$3)) -> 0 | K106: =IF($A106>$A$1,"",SUMIFS('PURPLE APC'!$K:$K,'PURPLE APC'!$B:$B,$A106,'PURPLE APC'!$O:$O,K$3)) -> 0 | L106: =IF($A106>$A$1,"",SUMIFS('PURPLE APC'!$K:$K,'PURPLE APC'!$B:$B,$A106,'PURPLE APC'!$O:$O,L$3)) -> 0 | M106: =IF($A106>$A$1,"",SUMIFS('PURPLE APC'!$K:$K,'PURPLE APC'!$B:$B,$A106,'PURPLE APC'!$O:$O,M$3)) -> 0 | N106: =IF($A106>$A$1,"",SUMIFS('PURPLE APC'!$K:$K,'PURPLE APC'!$B:$B,$A106,'PURPLE APC'!$O:$O,N$3)) -> 0 | O106: =IF($A106>$A$1,"",SUMIFS('PURPLE APC'!$K:$K,'PURPLE APC'!$B:$B,$A106,'PURPLE APC'!$O:$O,O$3)) -> 0 | ... V106: =IF($A106>$A$1,"",SUMIFS('PURPLE APC'!$K:$K,'PURPLE APC'!$B:$B,$A106,'PURPLE APC'!$O:$O,V$3)) -> 0
A107: =IF(B106=5,A106+3,A106+1) -> 45982 | B107: =WEEKDAY(A107,2) -> 5 | C107: Y | D107: F | E107: =IF($A107>$A$1,"",SUMIFS('PURPLE APC'!$K:$K,'PURPLE APC'!$B:$B,$A107)) -> 0 | G107: =IFERROR((F107-E107)/((E107+F107)/2),"") | H107: =IF($A107>$A$1,"",SUMIFS('PURPLE APC'!$K:$K,'PURPLE APC'!$B:$B,$A107,'PURPLE APC'!$O:$O,H$3)) -> 0 | I107: =IF($A107>$A$1,"",SUMIFS('PURPLE APC'!$K:$K,'PURPLE APC'!$B:$B,$A107,'PURPLE APC'!$O:$O,I$3)) -> 0 | J107: =IF($A107>$A$1,"",SUMIFS('PURPLE APC'!$K:$K,'PURPLE APC'!$B:$B,$A107,'PURPLE APC'!$O:$O,J$3)) -> 0 | K107: =IF($A107>$A$1,"",SUMIFS('PURPLE APC'!$K:$K,'PURPLE APC'!$B:$B,$A107,'PURPLE APC'!$O:$O,K$3)) -> 0 | L107: =IF($A107>$A$1,"",SUMIFS('PURPLE APC'!$K:$K,'PURPLE APC'!$B:$B,$A107,'PURPLE APC'!$O:$O,L$3)) -> 0 | M107: =IF($A107>$A$1,"",SUMIFS('PURPLE APC'!$K:$K,'PURPLE APC'!$B:$B,$A107,'PURPLE APC'!$O:$O,M$3)) -> 0 | N107: =IF($A107>$A$1,"",SUMIFS('PURPLE APC'!$K:$K,'PURPLE APC'!$B:$B,$A107,'PURPLE APC'!$O:$O,N$3)) -> 0 | O107: =IF($A107>$A$1,"",SUMIFS('PURPLE APC'!$K:$K,'PURPLE APC'!$B:$B,$A107,'PURPLE APC'!$O:$O,O$3)) -> 0 | ... V107: =IF($A107>$A$1,"",SUMIFS('PURPLE APC'!$K:$K,'PURPLE APC'!$B:$B,$A107,'PURPLE APC'!$O:$O,V$3)) -> 0
A108: =IF(B107=5,A107+3,A107+1) -> 45985 | B108: =WEEKDAY(A108,2) -> 1 | C108: =IF(D108="N","","Y") -> Y | D108: F | E108: =IF($A108>$A$1,"",SUMIFS('PURPLE APC'!$K:$K,'PURPLE APC'!$B:$B,$A108)) -> 0 | G108: =IFERROR((F108-E108)/((E108+F108)/2),"") | H108: =IF($A108>$A$1,"",SUMIFS('PURPLE APC'!$K:$K,'PURPLE APC'!$B:$B,$A108,'PURPLE APC'!$O:$O,H$3)) -> 0 | I108: =IF($A108>$A$1,"",SUMIFS('PURPLE APC'!$K:$K,'PURPLE APC'!$B:$B,$A108,'PURPLE APC'!$O:$O,I$3)) -> 0 | J108: =IF($A108>$A$1,"",SUMIFS('PURPLE APC'!$K:$K,'PURPLE APC'!$B:$B,$A108,'PURPLE APC'!$O:$O,J$3)) -> 0 | K108: =IF($A108>$A$1,"",SUMIFS('PURPLE APC'!$K:$K,'PURPLE APC'!$B:$B,$A108,'PURPLE APC'!$O:$O,K$3)) -> 0 | L108: =IF($A108>$A$1,"",SUMIFS('PURPLE APC'!$K:$K,'PURPLE APC'!$B:$B,$A108,'PURPLE APC'!$O:$O,L$3)) -> 0 | M108: =IF($A108>$A$1,"",SUMIFS('PURPLE APC'!$K:$K,'PURPLE APC'!$B:$B,$A108,'PURPLE APC'!$O:$O,M$3)) -> 0 | N108: =IF($A108>$A$1,"",SUMIFS('PURPLE APC'!$K:$K,'PURPLE APC'!$B:$B,$A108,'PURPLE APC'!$O:$O,N$3)) -> 0 | O108: =IF($A108>$A$1,"",SUMIFS('PURPLE APC'!$K:$K,'PURPLE APC'!$B:$B,$A108,'PURPLE APC'!$O:$O,O$3)) -> 0 | ... V108: =IF($A108>$A$1,"",SUMIFS('PURPLE APC'!$K:$K,'PURPLE APC'!$B:$B,$A108,'PURPLE APC'!$O:$O,V$3)) -> 0
A109: =IF(B108=5,A108+3,A108+1) -> 45986 | B109: =WEEKDAY(A109,2) -> 2 | C109: =IF(D109="N","","Y") -> Y | D109: F | E109: =IF($A109>$A$1,"",SUMIFS('PURPLE APC'!$K:$K,'PURPLE APC'!$B:$B,$A109)) -> 0 | G109: =IFERROR((F109-E109)/((E109+F109)/2),"") | H109: =IF($A109>$A$1,"",SUMIFS('PURPLE APC'!$K:$K,'PURPLE APC'!$B:$B,$A109,'PURPLE APC'!$O:$O,H$3)) -> 0 | I109: =IF($A109>$A$1,"",SUMIFS('PURPLE APC'!$K:$K,'PURPLE APC'!$B:$B,$A109,'PURPLE APC'!$O:$O,I$3)) -> 0 | J109: =IF($A109>$A$1,"",SUMIFS('PURPLE APC'!$K:$K,'PURPLE APC'!$B:$B,$A109,'PURPLE APC'!$O:$O,J$3)) -> 0 | K109: =IF($A109>$A$1,"",SUMIFS('PURPLE APC'!$K:$K,'PURPLE APC'!$B:$B,$A109,'PURPLE APC'!$O:$O,K$3)) -> 0 | L109: =IF($A109>$A$1,"",SUMIFS('PURPLE APC'!$K:$K,'PURPLE APC'!$B:$B,$A109,'PURPLE APC'!$O:$O,L$3)) -> 0 | M109: =IF($A109>$A$1,"",SUMIFS('PURPLE APC'!$K:$K,'PURPLE APC'!$B:$B,$A109,'PURPLE APC'!$O:$O,M$3)) -> 0 | N109: =IF($A109>$A$1,"",SUMIFS('PURPLE APC'!$K:$K,'PURPLE APC'!$B:$B,$A109,'PURPLE APC'!$O:$O,N$3)) -> 0 | O109: =IF($A109>$A$1,"",SUMIFS('PURPLE APC'!$K:$K,'PURPLE APC'!$B:$B,$A109,'PURPLE APC'!$O:$O,O$3)) -> 0 | ... V109: =IF($A109>$A$1,"",SUMIFS('PURPLE APC'!$K:$K,'PURPLE APC'!$B:$B,$A109,'PURPLE APC'!$O:$O,V$3)) -> 0
A110: =IF(B109=5,A109+3,A109+1) -> 45987 | B110: =WEEKDAY(A110,2) -> 3 | C110: =IF(D110="N","","Y") -> Y | D110: C | E110: =IF($A110>$A$1,"",SUMIFS('PURPLE APC'!$K:$K,'PURPLE APC'!$B:$B,$A110)) -> 0 | G110: =IFERROR((F110-E110)/((E110+F110)/2),"") | H110: =IF($A110>$A$1,"",SUMIFS('PURPLE APC'!$K:$K,'PURPLE APC'!$B:$B,$A110,'PURPLE APC'!$O:$O,H$3)) -> 0 | I110: =IF($A110>$A$1,"",SUMIFS('PURPLE APC'!$K:$K,'PURPLE APC'!$B:$B,$A110,'PURPLE APC'!$O:$O,I$3)) -> 0 | J110: =IF($A110>$A$1,"",SUMIFS('PURPLE APC'!$K:$K,'PURPLE APC'!$B:$B,$A110,'PURPLE APC'!$O:$O,J$3)) -> 0 | K110: =IF($A110>$A$1,"",SUMIFS('PURPLE APC'!$K:$K,'PURPLE APC'!$B:$B,$A110,'PURPLE APC'!$O:$O,K$3)) -> 0 | L110: =IF($A110>$A$1,"",SUMIFS('PURPLE APC'!$K:$K,'PURPLE APC'!$B:$B,$A110,'PURPLE APC'!$O:$O,L$3)) -> 0 | M110: =IF($A110>$A$1,"",SUMIFS('PURPLE APC'!$K:$K,'PURPLE APC'!$B:$B,$A110,'PURPLE APC'!$O:$O,M$3)) -> 0 | N110: =IF($A110>$A$1,"",SUMIFS('PURPLE APC'!$K:$K,'PURPLE APC'!$B:$B,$A110,'PURPLE APC'!$O:$O,N$3)) -> 0 | O110: =IF($A110>$A$1,"",SUMIFS('PURPLE APC'!$K:$K,'PURPLE APC'!$B:$B,$A110,'PURPLE APC'!$O:$O,O$3)) -> 0 | ... V110: =IF($A110>$A$1,"",SUMIFS('PURPLE APC'!$K:$K,'PURPLE APC'!$B:$B,$A110,'PURPLE APC'!$O:$O,V$3)) -> 0
A111: =IF(B110=5,A110+3,A110+1) -> 45988 | B111: =WEEKDAY(A111,2) -> 4 | C111: =IF(D111="N","","Y") | D111: N | E111: =IF($A111>$A$1,"",SUMIFS('PURPLE APC'!$K:$K,'PURPLE APC'!$B:$B,$A111)) -> 0 | G111: =IFERROR((F111-E111)/((E111+F111)/2),"") | H111: =IF($A111>$A$1,"",SUMIFS('PURPLE APC'!$K:$K,'PURPLE APC'!$B:$B,$A111,'PURPLE APC'!$O:$O,H$3)) -> 0 | I111: =IF($A111>$A$1,"",SUMIFS('PURPLE APC'!$K:$K,'PURPLE APC'!$B:$B,$A111,'PURPLE APC'!$O:$O,I$3)) -> 0 | J111: =IF($A111>$A$1,"",SUMIFS('PURPLE APC'!$K:$K,'PURPLE APC'!$B:$B,$A111,'PURPLE APC'!$O:$O,J$3)) -> 0 | K111: =IF($A111>$A$1,"",SUMIFS('PURPLE APC'!$K:$K,'PURPLE APC'!$B:$B,$A111,'PURPLE APC'!$O:$O,K$3)) -> 0 | L111: =IF($A111>$A$1,"",SUMIFS('PURPLE APC'!$K:$K,'PURPLE APC'!$B:$B,$A111,'PURPLE APC'!$O:$O,L$3)) -> 0 | M111: =IF($A111>$A$1,"",SUMIFS('PURPLE APC'!$K:$K,'PURPLE APC'!$B:$B,$A111,'PURPLE APC'!$O:$O,M$3)) -> 0 | N111: =IF($A111>$A$1,"",SUMIFS('PURPLE APC'!$K:$K,'PURPLE APC'!$B:$B,$A111,'PURPLE APC'!$O:$O,N$3)) -> 0 | O111: =IF($A111>$A$1,"",SUMIFS('PURPLE APC'!$K:$K,'PURPLE APC'!$B:$B,$A111,'PURPLE APC'!$O:$O,O$3)) -> 0 | ... V111: =IF($A111>$A$1,"",SUMIFS('PURPLE APC'!$K:$K,'PURPLE APC'!$B:$B,$A111,'PURPLE APC'!$O:$O,V$3)) -> 0
A112: =IF(B111=5,A111+3,A111+1) -> 45989 | B112: =WEEKDAY(A112,2) -> 5 | C112: =IF(D112="N","","Y") | D112: N | E112: =IF($A112>$A$1,"",SUMIFS('PURPLE APC'!$K:$K,'PURPLE APC'!$B:$B,$A112)) -> 0 | G112: =IFERROR((F112-E112)/((E112+F112)/2),"") | H112: =IF($A112>$A$1,"",SUMIFS('PURPLE APC'!$K:$K,'PURPLE APC'!$B:$B,$A112,'PURPLE APC'!$O:$O,H$3)) -> 0 | I112: =IF($A112>$A$1,"",SUMIFS('PURPLE APC'!$K:$K,'PURPLE APC'!$B:$B,$A112,'PURPLE APC'!$O:$O,I$3)) -> 0 | J112: =IF($A112>$A$1,"",SUMIFS('PURPLE APC'!$K:$K,'PURPLE APC'!$B:$B,$A112,'PURPLE APC'!$O:$O,J$3)) -> 0 | K112: =IF($A112>$A$1,"",SUMIFS('PURPLE APC'!$K:$K,'PURPLE APC'!$B:$B,$A112,'PURPLE APC'!$O:$O,K$3)) -> 0 | L112: =IF($A112>$A$1,"",SUMIFS('PURPLE APC'!$K:$K,'PURPLE APC'!$B:$B,$A112,'PURPLE APC'!$O:$O,L$3)) -> 0 | M112: =IF($A112>$A$1,"",SUMIFS('PURPLE APC'!$K:$K,'PURPLE APC'!$B:$B,$A112,'PURPLE APC'!$O:$O,M$3)) -> 0 | N112: =IF($A112>$A$1,"",SUMIFS('PURPLE APC'!$K:$K,'PURPLE APC'!$B:$B,$A112,'PURPLE APC'!$O:$O,N$3)) -> 0 | O112: =IF($A112>$A$1,"",SUMIFS('PURPLE APC'!$K:$K,'PURPLE APC'!$B:$B,$A112,'PURPLE APC'!$O:$O,O$3)) -> 0 | ... V112: =IF($A112>$A$1,"",SUMIFS('PURPLE APC'!$K:$K,'PURPLE APC'!$B:$B,$A112,'PURPLE APC'!$O:$O,V$3)) -> 0
A113: =IF(B112=5,A112+3,A112+1) -> 45992 | B113: =WEEKDAY(A113,2) -> 1 | C113: =IF(D113="N","","Y") -> Y | D113: F | E113: =IF($A113>$A$1,"",SUMIFS('PURPLE APC'!$K:$K,'PURPLE APC'!$B:$B,$A113)) -> 0 | G113: =IFERROR((F113-E113)/((E113+F113)/2),"") | H113: =IF($A113>$A$1,"",SUMIFS('PURPLE APC'!$K:$K,'PURPLE APC'!$B:$B,$A113,'PURPLE APC'!$O:$O,H$3)) -> 0 | I113: =IF($A113>$A$1,"",SUMIFS('PURPLE APC'!$K:$K,'PURPLE APC'!$B:$B,$A113,'PURPLE APC'!$O:$O,I$3)) -> 0 | J113: =IF($A113>$A$1,"",SUMIFS('PURPLE APC'!$K:$K,'PURPLE APC'!$B:$B,$A113,'PURPLE APC'!$O:$O,J$3)) -> 0 | K113: =IF($A113>$A$1,"",SUMIFS('PURPLE APC'!$K:$K,'PURPLE APC'!$B:$B,$A113,'PURPLE APC'!$O:$O,K$3)) -> 0 | L113: =IF($A113>$A$1,"",SUMIFS('PURPLE APC'!$K:$K,'PURPLE APC'!$B:$B,$A113,'PURPLE APC'!$O:$O,L$3)) -> 0 | M113: =IF($A113>$A$1,"",SUMIFS('PURPLE APC'!$K:$K,'PURPLE APC'!$B:$B,$A113,'PURPLE APC'!$O:$O,M$3)) -> 0 | N113: =IF($A113>$A$1,"",SUMIFS('PURPLE APC'!$K:$K,'PURPLE APC'!$B:$B,$A113,'PURPLE APC'!$O:$O,N$3)) -> 0 | O113: =IF($A113>$A$1,"",SUMIFS('PURPLE APC'!$K:$K,'PURPLE APC'!$B:$B,$A113,'PURPLE APC'!$O:$O,O$3)) -> 0 | ... V113: =IF($A113>$A$1,"",SUMIFS('PURPLE APC'!$K:$K,'PURPLE APC'!$B:$B,$A113,'PURPLE APC'!$O:$O,V$3)) -> 0
A114: =IF(B113=5,A113+3,A113+1) -> 45993 | B114: =WEEKDAY(A114,2) -> 2 | C114: =IF(D114="N","","Y") -> Y | D114: F | E114: =IF($A114>$A$1,"",SUMIFS('PURPLE APC'!$K:$K,'PURPLE APC'!$B:$B,$A114)) -> 0 | G114: =IFERROR((F114-E114)/((E114+F114)/2),"") | H114: =IF($A114>$A$1,"",SUMIFS('PURPLE APC'!$K:$K,'PURPLE APC'!$B:$B,$A114,'PURPLE APC'!$O:$O,H$3)) -> 0 | I114: =IF($A114>$A$1,"",SUMIFS('PURPLE APC'!$K:$K,'PURPLE APC'!$B:$B,$A114,'PURPLE APC'!$O:$O,I$3)) -> 0 | J114: =IF($A114>$A$1,"",SUMIFS('PURPLE APC'!$K:$K,'PURPLE APC'!$B:$B,$A114,'PURPLE APC'!$O:$O,J$3)) -> 0 | K114: =IF($A114>$A$1,"",SUMIFS('PURPLE APC'!$K:$K,'PURPLE APC'!$B:$B,$A114,'PURPLE APC'!$O:$O,K$3)) -> 0 | L114: =IF($A114>$A$1,"",SUMIFS('PURPLE APC'!$K:$K,'PURPLE APC'!$B:$B,$A114,'PURPLE APC'!$O:$O,L$3)) -> 0 | M114: =IF($A114>$A$1,"",SUMIFS('PURPLE APC'!$K:$K,'PURPLE APC'!$B:$B,$A114,'PURPLE APC'!$O:$O,M$3)) -> 0 | N114: =IF($A114>$A$1,"",SUMIFS('PURPLE APC'!$K:$K,'PURPLE APC'!$B:$B,$A114,'PURPLE APC'!$O:$O,N$3)) -> 0 | O114: =IF($A114>$A$1,"",SUMIFS('PURPLE APC'!$K:$K,'PURPLE APC'!$B:$B,$A114,'PURPLE APC'!$O:$O,O$3)) -> 0 | ... V114: =IF($A114>$A$1,"",SUMIFS('PURPLE APC'!$K:$K,'PURPLE APC'!$B:$B,$A114,'PURPLE APC'!$O:$O,V$3)) -> 0
A115: =IF(B114=5,A114+3,A114+1) -> 45994 | B115: =WEEKDAY(A115,2) -> 3 | C115: =IF(D115="N","","Y") -> Y | D115: F | E115: =IF($A115>$A$1,"",SUMIFS('PURPLE APC'!$K:$K,'PURPLE APC'!$B:$B,$A115)) -> 0 | G115: =IFERROR((F115-E115)/((E115+F115)/2),"") | H115: =IF($A115>$A$1,"",SUMIFS('PURPLE APC'!$K:$K,'PURPLE APC'!$B:$B,$A115,'PURPLE APC'!$O:$O,H$3)) -> 0 | I115: =IF($A115>$A$1,"",SUMIFS('PURPLE APC'!$K:$K,'PURPLE APC'!$B:$B,$A115,'PURPLE APC'!$O:$O,I$3)) -> 0 | J115: =IF($A115>$A$1,"",SUMIFS('PURPLE APC'!$K:$K,'PURPLE APC'!$B:$B,$A115,'PURPLE APC'!$O:$O,J$3)) -> 0 | K115: =IF($A115>$A$1,"",SUMIFS('PURPLE APC'!$K:$K,'PURPLE APC'!$B:$B,$A115,'PURPLE APC'!$O:$O,K$3)) -> 0 | L115: =IF($A115>$A$1,"",SUMIFS('PURPLE APC'!$K:$K,'PURPLE APC'!$B:$B,$A115,'PURPLE APC'!$O:$O,L$3)) -> 0 | M115: =IF($A115>$A$1,"",SUMIFS('PURPLE APC'!$K:$K,'PURPLE APC'!$B:$B,$A115,'PURPLE APC'!$O:$O,M$3)) -> 0 | N115: =IF($A115>$A$1,"",SUMIFS('PURPLE APC'!$K:$K,'PURPLE APC'!$B:$B,$A115,'PURPLE APC'!$O:$O,N$3)) -> 0 | O115: =IF($A115>$A$1,"",SUMIFS('PURPLE APC'!$K:$K,'PURPLE APC'!$B:$B,$A115,'PURPLE APC'!$O:$O,O$3)) -> 0 | ... V115: =IF($A115>$A$1,"",SUMIFS('PURPLE APC'!$K:$K,'PURPLE APC'!$B:$B,$A115,'PURPLE APC'!$O:$O,V$3)) -> 0
A116: =IF(B115=5,A115+3,A115+1) -> 45995 | B116: =WEEKDAY(A116,2) -> 4 | E116: =IF($A116>$A$1,"",SUMIFS('PURPLE APC'!$K:$K,'PURPLE APC'!$B:$B,$A116)) -> 0 | G116: =IFERROR((F116-E116)/((E116+F116)/2),"") | H116: =IF($A116>$A$1,"",SUMIFS('PURPLE APC'!$K:$K,'PURPLE APC'!$B:$B,$A116,'PURPLE APC'!$O:$O,H$3)) -> 0 | I116: =IF($A116>$A$1,"",SUMIFS('PURPLE APC'!$K:$K,'PURPLE APC'!$B:$B,$A116,'PURPLE APC'!$O:$O,I$3)) -> 0 | J116: =IF($A116>$A$1,"",SUMIFS('PURPLE APC'!$K:$K,'PURPLE APC'!$B:$B,$A116,'PURPLE APC'!$O:$O,J$3)) -> 0 | K116: =IF($A116>$A$1,"",SUMIFS('PURPLE APC'!$K:$K,'PURPLE APC'!$B:$B,$A116,'PURPLE APC'!$O:$O,K$3)) -> 0 | L116: =IF($A116>$A$1,"",SUMIFS('PURPLE APC'!$K:$K,'PURPLE APC'!$B:$B,$A116,'PURPLE APC'!$O:$O,L$3)) -> 0 | M116: =IF($A116>$A$1,"",SUMIFS('PURPLE APC'!$K:$K,'PURPLE APC'!$B:$B,$A116,'PURPLE APC'!$O:$O,M$3)) -> 0 | N116: =IF($A116>$A$1,"",SUMIFS('PURPLE APC'!$K:$K,'PURPLE APC'!$B:$B,$A116,'PURPLE APC'!$O:$O,N$3)) -> 0 | O116: =IF($A116>$A$1,"",SUMIFS('PURPLE APC'!$K:$K,'PURPLE APC'!$B:$B,$A116,'PURPLE APC'!$O:$O,O$3)) -> 0 | ... V116: =IF($A116>$A$1,"",SUMIFS('PURPLE APC'!$K:$K,'PURPLE APC'!$B:$B,$A116,'PURPLE APC'!$O:$O,V$3)) -> 0
A117: =IF(B116=5,A116+3,A116+1) -> 45996 | B117: =WEEKDAY(A117,2) -> 5 | C117: =IF(D117="N","","Y") -> Y | D117: F | E117: =IF($A117>$A$1,"",SUMIFS('PURPLE APC'!$K:$K,'PURPLE APC'!$B:$B,$A117)) -> 0 | G117: =IFERROR((F117-E117)/((E117+F117)/2),"") | H117: =IF($A117>$A$1,"",SUMIFS('PURPLE APC'!$K:$K,'PURPLE APC'!$B:$B,$A117,'PURPLE APC'!$O:$O,H$3)) -> 0 | I117: =IF($A117>$A$1,"",SUMIFS('PURPLE APC'!$K:$K,'PURPLE APC'!$B:$B,$A117,'PURPLE APC'!$O:$O,I$3)) -> 0 | J117: =IF($A117>$A$1,"",SUMIFS('PURPLE APC'!$K:$K,'PURPLE APC'!$B:$B,$A117,'PURPLE APC'!$O:$O,J$3)) -> 0 | K117: =IF($A117>$A$1,"",SUMIFS('PURPLE APC'!$K:$K,'PURPLE APC'!$B:$B,$A117,'PURPLE APC'!$O:$O,K$3)) -> 0 | L117: =IF($A117>$A$1,"",SUMIFS('PURPLE APC'!$K:$K,'PURPLE APC'!$B:$B,$A117,'PURPLE APC'!$O:$O,L$3)) -> 0 | M117: =IF($A117>$A$1,"",SUMIFS('PURPLE APC'!$K:$K,'PURPLE APC'!$B:$B,$A117,'PURPLE APC'!$O:$O,M$3)) -> 0 | N117: =IF($A117>$A$1,"",SUMIFS('PURPLE APC'!$K:$K,'PURPLE APC'!$B:$B,$A117,'PURPLE APC'!$O:$O,N$3)) -> 0 | O117: =IF($A117>$A$1,"",SUMIFS('PURPLE APC'!$K:$K,'PURPLE APC'!$B:$B,$A117,'PURPLE APC'!$O:$O,O$3)) -> 0 | ... V117: =IF($A117>$A$1,"",SUMIFS('PURPLE APC'!$K:$K,'PURPLE APC'!$B:$B,$A117,'PURPLE APC'!$O:$O,V$3)) -> 0
A118: =IF(B117=5,A117+3,A117+1) -> 45999 | B118: =WEEKDAY(A118,2) -> 1 | E118: =IF($A118>$A$1,"",SUMIFS('PURPLE APC'!$K:$K,'PURPLE APC'!$B:$B,$A118)) -> 0 | G118: =IFERROR((F118-E118)/((E118+F118)/2),"") | H118: =IF($A118>$A$1,"",SUMIFS('PURPLE APC'!$K:$K,'PURPLE APC'!$B:$B,$A118,'PURPLE APC'!$O:$O,H$3)) -> 0 | I118: =IF($A118>$A$1,"",SUMIFS('PURPLE APC'!$K:$K,'PURPLE APC'!$B:$B,$A118,'PURPLE APC'!$O:$O,I$3)) -> 0 | J118: =IF($A118>$A$1,"",SUMIFS('PURPLE APC'!$K:$K,'PURPLE APC'!$B:$B,$A118,'PURPLE APC'!$O:$O,J$3)) -> 0 | K118: =IF($A118>$A$1,"",SUMIFS('PURPLE APC'!$K:$K,'PURPLE APC'!$B:$B,$A118,'PURPLE APC'!$O:$O,K$3)) -> 0 | L118: =IF($A118>$A$1,"",SUMIFS('PURPLE APC'!$K:$K,'PURPLE APC'!$B:$B,$A118,'PURPLE APC'!$O:$O,L$3)) -> 0 | M118: =IF($A118>$A$1,"",SUMIFS('PURPLE APC'!$K:$K,'PURPLE APC'!$B:$B,$A118,'PURPLE APC'!$O:$O,M$3)) -> 0 | N118: =IF($A118>$A$1,"",SUMIFS('PURPLE APC'!$K:$K,'PURPLE APC'!$B:$B,$A118,'PURPLE APC'!$O:$O,N$3)) -> 0 | O118: =IF($A118>$A$1,"",SUMIFS('PURPLE APC'!$K:$K,'PURPLE APC'!$B:$B,$A118,'PURPLE APC'!$O:$O,O$3)) -> 0 | ... V118: =IF($A118>$A$1,"",SUMIFS('PURPLE APC'!$K:$K,'PURPLE APC'!$B:$B,$A118,'PURPLE APC'!$O:$O,V$3)) -> 0
A119: =IF(B118=5,A118+3,A118+1) -> 46000 | B119: =WEEKDAY(A119,2) -> 2 | C119: =IF(D119="N","","Y") -> Y | D119: F | E119: =IF($A119>$A$1,"",SUMIFS('PURPLE APC'!$K:$K,'PURPLE APC'!$B:$B,$A119)) -> 0 | G119: =IFERROR((F119-E119)/((E119+F119)/2),"") | H119: =IF($A119>$A$1,"",SUMIFS('PURPLE APC'!$K:$K,'PURPLE APC'!$B:$B,$A119,'PURPLE APC'!$O:$O,H$3)) -> 0 | I119: =IF($A119>$A$1,"",SUMIFS('PURPLE APC'!$K:$K,'PURPLE APC'!$B:$B,$A119,'PURPLE APC'!$O:$O,I$3)) -> 0 | J119: =IF($A119>$A$1,"",SUMIFS('PURPLE APC'!$K:$K,'PURPLE APC'!$B:$B,$A119,'PURPLE APC'!$O:$O,J$3)) -> 0 | K119: =IF($A119>$A$1,"",SUMIFS('PURPLE APC'!$K:$K,'PURPLE APC'!$B:$B,$A119,'PURPLE APC'!$O:$O,K$3)) -> 0 | L119: =IF($A119>$A$1,"",SUMIFS('PURPLE APC'!$K:$K,'PURPLE APC'!$B:$B,$A119,'PURPLE APC'!$O:$O,L$3)) -> 0 | M119: =IF($A119>$A$1,"",SUMIFS('PURPLE APC'!$K:$K,'PURPLE APC'!$B:$B,$A119,'PURPLE APC'!$O:$O,M$3)) -> 0 | N119: =IF($A119>$A$1,"",SUMIFS('PURPLE APC'!$K:$K,'PURPLE APC'!$B:$B,$A119,'PURPLE APC'!$O:$O,N$3)) -> 0 | O119: =IF($A119>$A$1,"",SUMIFS('PURPLE APC'!$K:$K,'PURPLE APC'!$B:$B,$A119,'PURPLE APC'!$O:$O,O$3)) -> 0 | ... V119: =IF($A119>$A$1,"",SUMIFS('PURPLE APC'!$K:$K,'PURPLE APC'!$B:$B,$A119,'PURPLE APC'!$O:$O,V$3)) -> 0
A120: =IF(B119=5,A119+3,A119+1) -> 46001 | B120: =WEEKDAY(A120,2) -> 3 | C120: =IF(D120="N","","Y") -> Y | D120: R | E120: =IF($A120>$A$1,"",SUMIFS('PURPLE APC'!$K:$K,'PURPLE APC'!$B:$B,$A120)) -> 0 | G120: =IFERROR((F120-E120)/((E120+F120)/2),"") | H120: =IF($A120>$A$1,"",SUMIFS('PURPLE APC'!$K:$K,'PURPLE APC'!$B:$B,$A120,'PURPLE APC'!$O:$O,H$3)) -> 0 | I120: =IF($A120>$A$1,"",SUMIFS('PURPLE APC'!$K:$K,'PURPLE APC'!$B:$B,$A120,'PURPLE APC'!$O:$O,I$3)) -> 0 | J120: =IF($A120>$A$1,"",SUMIFS('PURPLE APC'!$K:$K,'PURPLE APC'!$B:$B,$A120,'PURPLE APC'!$O:$O,J$3)) -> 0 | K120: =IF($A120>$A$1,"",SUMIFS('PURPLE APC'!$K:$K,'PURPLE APC'!$B:$B,$A120,'PURPLE APC'!$O:$O,K$3)) -> 0 | L120: =IF($A120>$A$1,"",SUMIFS('PURPLE APC'!$K:$K,'PURPLE APC'!$B:$B,$A120,'PURPLE APC'!$O:$O,L$3)) -> 0 | M120: =IF($A120>$A$1,"",SUMIFS('PURPLE APC'!$K:$K,'PURPLE APC'!$B:$B,$A120,'PURPLE APC'!$O:$O,M$3)) -> 0 | N120: =IF($A120>$A$1,"",SUMIFS('PURPLE APC'!$K:$K,'PURPLE APC'!$B:$B,$A120,'PURPLE APC'!$O:$O,N$3)) -> 0 | O120: =IF($A120>$A$1,"",SUMIFS('PURPLE APC'!$K:$K,'PURPLE APC'!$B:$B,$A120,'PURPLE APC'!$O:$O,O$3)) -> 0 | ... V120: =IF($A120>$A$1,"",SUMIFS('PURPLE APC'!$K:$K,'PURPLE APC'!$B:$B,$A120,'PURPLE APC'!$O:$O,V$3)) -> 0
A121: =IF(B120=5,A120+3,A120+1) -> 46002 | B121: =WEEKDAY(A121,2) -> 4 | C121: =IF(D121="N","","Y") -> Y | D121: R | E121: =IF($A121>$A$1,"",SUMIFS('PURPLE APC'!$K:$K,'PURPLE APC'!$B:$B,$A121)) -> 0 | G121: =IFERROR((F121-E121)/((E121+F121)/2),"") | H121: =IF($A121>$A$1,"",SUMIFS('PURPLE APC'!$K:$K,'PURPLE APC'!$B:$B,$A121,'PURPLE APC'!$O:$O,H$3)) -> 0 | I121: =IF($A121>$A$1,"",SUMIFS('PURPLE APC'!$K:$K,'PURPLE APC'!$B:$B,$A121,'PURPLE APC'!$O:$O,I$3)) -> 0 | J121: =IF($A121>$A$1,"",SUMIFS('PURPLE APC'!$K:$K,'PURPLE APC'!$B:$B,$A121,'PURPLE APC'!$O:$O,J$3)) -> 0 | K121: =IF($A121>$A$1,"",SUMIFS('PURPLE APC'!$K:$K,'PURPLE APC'!$B:$B,$A121,'PURPLE APC'!$O:$O,K$3)) -> 0 | L121: =IF($A121>$A$1,"",SUMIFS('PURPLE APC'!$K:$K,'PURPLE APC'!$B:$B,$A121,'PURPLE APC'!$O:$O,L$3)) -> 0 | M121: =IF($A121>$A$1,"",SUMIFS('PURPLE APC'!$K:$K,'PURPLE APC'!$B:$B,$A121,'PURPLE APC'!$O:$O,M$3)) -> 0 | N121: =IF($A121>$A$1,"",SUMIFS('PURPLE APC'!$K:$K,'PURPLE APC'!$B:$B,$A121,'PURPLE APC'!$O:$O,N$3)) -> 0 | O121: =IF($A121>$A$1,"",SUMIFS('PURPLE APC'!$K:$K,'PURPLE APC'!$B:$B,$A121,'PURPLE APC'!$O:$O,O$3)) -> 0 | ... V121: =IF($A121>$A$1,"",SUMIFS('PURPLE APC'!$K:$K,'PURPLE APC'!$B:$B,$A121,'PURPLE APC'!$O:$O,V$3)) -> 0
A122: =IF(B121=5,A121+3,A121+1) -> 46003 | B122: =WEEKDAY(A122,2) -> 5 | C122: =IF(D122="N","","Y") -> Y | D122: R | E122: =IF($A122>$A$1,"",SUMIFS('PURPLE APC'!$K:$K,'PURPLE APC'!$B:$B,$A122)) -> 0 | G122: =IFERROR((F122-E122)/((E122+F122)/2),"") | H122: =IF($A122>$A$1,"",SUMIFS('PURPLE APC'!$K:$K,'PURPLE APC'!$B:$B,$A122,'PURPLE APC'!$O:$O,H$3)) -> 0 | I122: =IF($A122>$A$1,"",SUMIFS('PURPLE APC'!$K:$K,'PURPLE APC'!$B:$B,$A122,'PURPLE APC'!$O:$O,I$3)) -> 0 | J122: =IF($A122>$A$1,"",SUMIFS('PURPLE APC'!$K:$K,'PURPLE APC'!$B:$B,$A122,'PURPLE APC'!$O:$O,J$3)) -> 0 | K122: =IF($A122>$A$1,"",SUMIFS('PURPLE APC'!$K:$K,'PURPLE APC'!$B:$B,$A122,'PURPLE APC'!$O:$O,K$3)) -> 0 | L122: =IF($A122>$A$1,"",SUMIFS('PURPLE APC'!$K:$K,'PURPLE APC'!$B:$B,$A122,'PURPLE APC'!$O:$O,L$3)) -> 0 | M122: =IF($A122>$A$1,"",SUMIFS('PURPLE APC'!$K:$K,'PURPLE APC'!$B:$B,$A122,'PURPLE APC'!$O:$O,M$3)) -> 0 | N122: =IF($A122>$A$1,"",SUMIFS('PURPLE APC'!$K:$K,'PURPLE APC'!$B:$B,$A122,'PURPLE APC'!$O:$O,N$3)) -> 0 | O122: =IF($A122>$A$1,"",SUMIFS('PURPLE APC'!$K:$K,'PURPLE APC'!$B:$B,$A122,'PURPLE APC'!$O:$O,O$3)) -> 0 | ... V122: =IF($A122>$A$1,"",SUMIFS('PURPLE APC'!$K:$K,'PURPLE APC'!$B:$B,$A122,'PURPLE APC'!$O:$O,V$3)) -> 0
A123: =IF(B122=5,A122+3,A122+1) -> 46006 | B123: =WEEKDAY(A123,2) -> 1 | C123: =IF(D123="N","","Y") -> Y | D123: R | E123: =IF($A123>$A$1,"",SUMIFS('PURPLE APC'!$K:$K,'PURPLE APC'!$B:$B,$A123)) -> 0 | G123: =IFERROR((F123-E123)/((E123+F123)/2),"") | H123: =IF($A123>$A$1,"",SUMIFS('PURPLE APC'!$K:$K,'PURPLE APC'!$B:$B,$A123,'PURPLE APC'!$O:$O,H$3)) -> 0 | I123: =IF($A123>$A$1,"",SUMIFS('PURPLE APC'!$K:$K,'PURPLE APC'!$B:$B,$A123,'PURPLE APC'!$O:$O,I$3)) -> 0 | J123: =IF($A123>$A$1,"",SUMIFS('PURPLE APC'!$K:$K,'PURPLE APC'!$B:$B,$A123,'PURPLE APC'!$O:$O,J$3)) -> 0 | K123: =IF($A123>$A$1,"",SUMIFS('PURPLE APC'!$K:$K,'PURPLE APC'!$B:$B,$A123,'PURPLE APC'!$O:$O,K$3)) -> 0 | L123: =IF($A123>$A$1,"",SUMIFS('PURPLE APC'!$K:$K,'PURPLE APC'!$B:$B,$A123,'PURPLE APC'!$O:$O,L$3)) -> 0 | M123: =IF($A123>$A$1,"",SUMIFS('PURPLE APC'!$K:$K,'PURPLE APC'!$B:$B,$A123,'PURPLE APC'!$O:$O,M$3)) -> 0 | N123: =IF($A123>$A$1,"",SUMIFS('PURPLE APC'!$K:$K,'PURPLE APC'!$B:$B,$A123,'PURPLE APC'!$O:$O,N$3)) -> 0 | O123: =IF($A123>$A$1,"",SUMIFS('PURPLE APC'!$K:$K,'PURPLE APC'!$B:$B,$A123,'PURPLE APC'!$O:$O,O$3)) -> 0 | ... V123: =IF($A123>$A$1,"",SUMIFS('PURPLE APC'!$K:$K,'PURPLE APC'!$B:$B,$A123,'PURPLE APC'!$O:$O,V$3)) -> 0
A124: =IF(B123=5,A123+3,A123+1) -> 46007 | B124: =WEEKDAY(A124,2) -> 2 | C124: =IF(D124="N","","Y") -> Y | D124: R | E124: =IF($A124>$A$1,"",SUMIFS('PURPLE APC'!$K:$K,'PURPLE APC'!$B:$B,$A124)) -> 0 | G124: =IFERROR((F124-E124)/((E124+F124)/2),"") | H124: =IF($A124>$A$1,"",SUMIFS('PURPLE APC'!$K:$K,'PURPLE APC'!$B:$B,$A124,'PURPLE APC'!$O:$O,H$3)) -> 0 | I124: =IF($A124>$A$1,"",SUMIFS('PURPLE APC'!$K:$K,'PURPLE APC'!$B:$B,$A124,'PURPLE APC'!$O:$O,I$3)) -> 0 | J124: =IF($A124>$A$1,"",SUMIFS('PURPLE APC'!$K:$K,'PURPLE APC'!$B:$B,$A124,'PURPLE APC'!$O:$O,J$3)) -> 0 | K124: =IF($A124>$A$1,"",SUMIFS('PURPLE APC'!$K:$K,'PURPLE APC'!$B:$B,$A124,'PURPLE APC'!$O:$O,K$3)) -> 0 | L124: =IF($A124>$A$1,"",SUMIFS('PURPLE APC'!$K:$K,'PURPLE APC'!$B:$B,$A124,'PURPLE APC'!$O:$O,L$3)) -> 0 | M124: =IF($A124>$A$1,"",SUMIFS('PURPLE APC'!$K:$K,'PURPLE APC'!$B:$B,$A124,'PURPLE APC'!$O:$O,M$3)) -> 0 | N124: =IF($A124>$A$1,"",SUMIFS('PURPLE APC'!$K:$K,'PURPLE APC'!$B:$B,$A124,'PURPLE APC'!$O:$O,N$3)) -> 0 | O124: =IF($A124>$A$1,"",SUMIFS('PURPLE APC'!$K:$K,'PURPLE APC'!$B:$B,$A124,'PURPLE APC'!$O:$O,O$3)) -> 0 | ... V124: =IF($A124>$A$1,"",SUMIFS('PURPLE APC'!$K:$K,'PURPLE APC'!$B:$B,$A124,'PURPLE APC'!$O:$O,V$3)) -> 0
A125: =IF(B124=5,A124+3,A124+1) -> 46008 | B125: =WEEKDAY(A125,2) -> 3 | C125: =IF(D125="N","","Y") -> Y | D125: R | E125: =IF($A125>$A$1,"",SUMIFS('PURPLE APC'!$K:$K,'PURPLE APC'!$B:$B,$A125)) -> 0 | G125: =IFERROR((F125-E125)/((E125+F125)/2),"") | H125: =IF($A125>$A$1,"",SUMIFS('PURPLE APC'!$K:$K,'PURPLE APC'!$B:$B,$A125,'PURPLE APC'!$O:$O,H$3)) -> 0 | I125: =IF($A125>$A$1,"",SUMIFS('PURPLE APC'!$K:$K,'PURPLE APC'!$B:$B,$A125,'PURPLE APC'!$O:$O,I$3)) -> 0 | J125: =IF($A125>$A$1,"",SUMIFS('PURPLE APC'!$K:$K,'PURPLE APC'!$B:$B,$A125,'PURPLE APC'!$O:$O,J$3)) -> 0 | K125: =IF($A125>$A$1,"",SUMIFS('PURPLE APC'!$K:$K,'PURPLE APC'!$B:$B,$A125,'PURPLE APC'!$O:$O,K$3)) -> 0 | L125: =IF($A125>$A$1,"",SUMIFS('PURPLE APC'!$K:$K,'PURPLE APC'!$B:$B,$A125,'PURPLE APC'!$O:$O,L$3)) -> 0 | M125: =IF($A125>$A$1,"",SUMIFS('PURPLE APC'!$K:$K,'PURPLE APC'!$B:$B,$A125,'PURPLE APC'!$O:$O,M$3)) -> 0 | N125: =IF($A125>$A$1,"",SUMIFS('PURPLE APC'!$K:$K,'PURPLE APC'!$B:$B,$A125,'PURPLE APC'!$O:$O,N$3)) -> 0 | O125: =IF($A125>$A$1,"",SUMIFS('PURPLE APC'!$K:$K,'PURPLE APC'!$B:$B,$A125,'PURPLE APC'!$O:$O,O$3)) -> 0 | ... V125: =IF($A125>$A$1,"",SUMIFS('PURPLE APC'!$K:$K,'PURPLE APC'!$B:$B,$A125,'PURPLE APC'!$O:$O,V$3)) -> 0
A126: =IF(B125=5,A125+3,A125+1) -> 46009 | B126: =WEEKDAY(A126,2) -> 4 | C126: =IF(D126="N","","Y") -> Y | D126: R | E126: =IF($A126>$A$1,"",SUMIFS('PURPLE APC'!$K:$K,'PURPLE APC'!$B:$B,$A126)) -> 0 | G126: =IFERROR((F126-E126)/((E126+F126)/2),"") | H126: =IF($A126>$A$1,"",SUMIFS('PURPLE APC'!$K:$K,'PURPLE APC'!$B:$B,$A126,'PURPLE APC'!$O:$O,H$3)) -> 0 | I126: =IF($A126>$A$1,"",SUMIFS('PURPLE APC'!$K:$K,'PURPLE APC'!$B:$B,$A126,'PURPLE APC'!$O:$O,I$3)) -> 0 | J126: =IF($A126>$A$1,"",SUMIFS('PURPLE APC'!$K:$K,'PURPLE APC'!$B:$B,$A126,'PURPLE APC'!$O:$O,J$3)) -> 0 | K126: =IF($A126>$A$1,"",SUMIFS('PURPLE APC'!$K:$K,'PURPLE APC'!$B:$B,$A126,'PURPLE APC'!$O:$O,K$3)) -> 0 | L126: =IF($A126>$A$1,"",SUMIFS('PURPLE APC'!$K:$K,'PURPLE APC'!$B:$B,$A126,'PURPLE APC'!$O:$O,L$3)) -> 0 | M126: =IF($A126>$A$1,"",SUMIFS('PURPLE APC'!$K:$K,'PURPLE APC'!$B:$B,$A126,'PURPLE APC'!$O:$O,M$3)) -> 0 | N126: =IF($A126>$A$1,"",SUMIFS('PURPLE APC'!$K:$K,'PURPLE APC'!$B:$B,$A126,'PURPLE APC'!$O:$O,N$3)) -> 0 | O126: =IF($A126>$A$1,"",SUMIFS('PURPLE APC'!$K:$K,'PURPLE APC'!$B:$B,$A126,'PURPLE APC'!$O:$O,O$3)) -> 0 | ... V126: =IF($A126>$A$1,"",SUMIFS('PURPLE APC'!$K:$K,'PURPLE APC'!$B:$B,$A126,'PURPLE APC'!$O:$O,V$3)) -> 0
A127: =IF(B126=5,A126+3,A126+1) -> 46010 | B127: =WEEKDAY(A127,2) -> 5 | C127: =IF(D127="N","","Y") -> Y | D127: R | E127: =IF($A127>$A$1,"",SUMIFS('PURPLE APC'!$K:$K,'PURPLE APC'!$B:$B,$A127)) -> 0 | G127: =IFERROR((F127-E127)/((E127+F127)/2),"") | H127: =IF($A127>$A$1,"",SUMIFS('PURPLE APC'!$K:$K,'PURPLE APC'!$B:$B,$A127,'PURPLE APC'!$O:$O,H$3)) -> 0 | I127: =IF($A127>$A$1,"",SUMIFS('PURPLE APC'!$K:$K,'PURPLE APC'!$B:$B,$A127,'PURPLE APC'!$O:$O,I$3)) -> 0 | J127: =IF($A127>$A$1,"",SUMIFS('PURPLE APC'!$K:$K,'PURPLE APC'!$B:$B,$A127,'PURPLE APC'!$O:$O,J$3)) -> 0 | K127: =IF($A127>$A$1,"",SUMIFS('PURPLE APC'!$K:$K,'PURPLE APC'!$B:$B,$A127,'PURPLE APC'!$O:$O,K$3)) -> 0 | L127: =IF($A127>$A$1,"",SUMIFS('PURPLE APC'!$K:$K,'PURPLE APC'!$B:$B,$A127,'PURPLE APC'!$O:$O,L$3)) -> 0 | M127: =IF($A127>$A$1,"",SUMIFS('PURPLE APC'!$K:$K,'PURPLE APC'!$B:$B,$A127,'PURPLE APC'!$O:$O,M$3)) -> 0 | N127: =IF($A127>$A$1,"",SUMIFS('PURPLE APC'!$K:$K,'PURPLE APC'!$B:$B,$A127,'PURPLE APC'!$O:$O,N$3)) -> 0 | O127: =IF($A127>$A$1,"",SUMIFS('PURPLE APC'!$K:$K,'PURPLE APC'!$B:$B,$A127,'PURPLE APC'!$O:$O,O$3)) -> 0 | ... V127: =IF($A127>$A$1,"",SUMIFS('PURPLE APC'!$K:$K,'PURPLE APC'!$B:$B,$A127,'PURPLE APC'!$O:$O,V$3)) -> 0
A128: =IF(B127=5,A127+3,A127+1) -> 46013 | B128: =WEEKDAY(A128,2) -> 1 | C128: =IF(D128="N","","Y") -> Y | D128: C | E128: =IF($A128>$A$1,"",SUMIFS('PURPLE APC'!$K:$K,'PURPLE APC'!$B:$B,$A128)) -> 0 | G128: =IFERROR((F128-E128)/((E128+F128)/2),"") | H128: =IF($A128>$A$1,"",SUMIFS('PURPLE APC'!$K:$K,'PURPLE APC'!$B:$B,$A128,'PURPLE APC'!$O:$O,H$3)) -> 0 | I128: =IF($A128>$A$1,"",SUMIFS('PURPLE APC'!$K:$K,'PURPLE APC'!$B:$B,$A128,'PURPLE APC'!$O:$O,I$3)) -> 0 | J128: =IF($A128>$A$1,"",SUMIFS('PURPLE APC'!$K:$K,'PURPLE APC'!$B:$B,$A128,'PURPLE APC'!$O:$O,J$3)) -> 0 | K128: =IF($A128>$A$1,"",SUMIFS('PURPLE APC'!$K:$K,'PURPLE APC'!$B:$B,$A128,'PURPLE APC'!$O:$O,K$3)) -> 0 | L128: =IF($A128>$A$1,"",SUMIFS('PURPLE APC'!$K:$K,'PURPLE APC'!$B:$B,$A128,'PURPLE APC'!$O:$O,L$3)) -> 0 | M128: =IF($A128>$A$1,"",SUMIFS('PURPLE APC'!$K:$K,'PURPLE APC'!$B:$B,$A128,'PURPLE APC'!$O:$O,M$3)) -> 0 | N128: =IF($A128>$A$1,"",SUMIFS('PURPLE APC'!$K:$K,'PURPLE APC'!$B:$B,$A128,'PURPLE APC'!$O:$O,N$3)) -> 0 | O128: =IF($A128>$A$1,"",SUMIFS('PURPLE APC'!$K:$K,'PURPLE APC'!$B:$B,$A128,'PURPLE APC'!$O:$O,O$3)) -> 0 | ... V128: =IF($A128>$A$1,"",SUMIFS('PURPLE APC'!$K:$K,'PURPLE APC'!$B:$B,$A128,'PURPLE APC'!$O:$O,V$3)) -> 0
A129: =IF(B128=5,A128+3,A128+1) -> 46014 | B129: =WEEKDAY(A129,2) -> 2 | C129: =IF(D129="N","","Y") -> Y | D129: C | E129: =IF($A129>$A$1,"",SUMIFS('PURPLE APC'!$K:$K,'PURPLE APC'!$B:$B,$A129)) -> 0 | G129: =IFERROR((F129-E129)/((E129+F129)/2),"") | H129: =IF($A129>$A$1,"",SUMIFS('PURPLE APC'!$K:$K,'PURPLE APC'!$B:$B,$A129,'PURPLE APC'!$O:$O,H$3)) -> 0 | I129: =IF($A129>$A$1,"",SUMIFS('PURPLE APC'!$K:$K,'PURPLE APC'!$B:$B,$A129,'PURPLE APC'!$O:$O,I$3)) -> 0 | J129: =IF($A129>$A$1,"",SUMIFS('PURPLE APC'!$K:$K,'PURPLE APC'!$B:$B,$A129,'PURPLE APC'!$O:$O,J$3)) -> 0 | K129: =IF($A129>$A$1,"",SUMIFS('PURPLE APC'!$K:$K,'PURPLE APC'!$B:$B,$A129,'PURPLE APC'!$O:$O,K$3)) -> 0 | L129: =IF($A129>$A$1,"",SUMIFS('PURPLE APC'!$K:$K,'PURPLE APC'!$B:$B,$A129,'PURPLE APC'!$O:$O,L$3)) -> 0 | M129: =IF($A129>$A$1,"",SUMIFS('PURPLE APC'!$K:$K,'PURPLE APC'!$B:$B,$A129,'PURPLE APC'!$O:$O,M$3)) -> 0 | N129: =IF($A129>$A$1,"",SUMIFS('PURPLE APC'!$K:$K,'PURPLE APC'!$B:$B,$A129,'PURPLE APC'!$O:$O,N$3)) -> 0 | O129: =IF($A129>$A$1,"",SUMIFS('PURPLE APC'!$K:$K,'PURPLE APC'!$B:$B,$A129,'PURPLE APC'!$O:$O,O$3)) -> 0 | ... V129: =IF($A129>$A$1,"",SUMIFS('PURPLE APC'!$K:$K,'PURPLE APC'!$B:$B,$A129,'PURPLE APC'!$O:$O,V$3)) -> 0
A130: =IF(B129=5,A129+3,A129+1) -> 46015 | B130: =WEEKDAY(A130,2) -> 3 | C130: =IF(D130="N","","Y") -> Y | D130: C | E130: =IF($A130>$A$1,"",SUMIFS('PURPLE APC'!$K:$K,'PURPLE APC'!$B:$B,$A130)) -> 0 | G130: =IFERROR((F130-E130)/((E130+F130)/2),"") | H130: =IF($A130>$A$1,"",SUMIFS('PURPLE APC'!$K:$K,'PURPLE APC'!$B:$B,$A130,'PURPLE APC'!$O:$O,H$3)) -> 0 | I130: =IF($A130>$A$1,"",SUMIFS('PURPLE APC'!$K:$K,'PURPLE APC'!$B:$B,$A130,'PURPLE APC'!$O:$O,I$3)) -> 0 | J130: =IF($A130>$A$1,"",SUMIFS('PURPLE APC'!$K:$K,'PURPLE APC'!$B:$B,$A130,'PURPLE APC'!$O:$O,J$3)) -> 0 | K130: =IF($A130>$A$1,"",SUMIFS('PURPLE APC'!$K:$K,'PURPLE APC'!$B:$B,$A130,'PURPLE APC'!$O:$O,K$3)) -> 0 | L130: =IF($A130>$A$1,"",SUMIFS('PURPLE APC'!$K:$K,'PURPLE APC'!$B:$B,$A130,'PURPLE APC'!$O:$O,L$3)) -> 0 | M130: =IF($A130>$A$1,"",SUMIFS('PURPLE APC'!$K:$K,'PURPLE APC'!$B:$B,$A130,'PURPLE APC'!$O:$O,M$3)) -> 0 | N130: =IF($A130>$A$1,"",SUMIFS('PURPLE APC'!$K:$K,'PURPLE APC'!$B:$B,$A130,'PURPLE APC'!$O:$O,N$3)) -> 0 | O130: =IF($A130>$A$1,"",SUMIFS('PURPLE APC'!$K:$K,'PURPLE APC'!$B:$B,$A130,'PURPLE APC'!$O:$O,O$3)) -> 0 | ... V130: =IF($A130>$A$1,"",SUMIFS('PURPLE APC'!$K:$K,'PURPLE APC'!$B:$B,$A130,'PURPLE APC'!$O:$O,V$3)) -> 0
... A264: =IF(B263=5,A263+3,A263+1) -> 46203 | B264: =WEEKDAY(A264,2) -> 2 | C264: =IF(D264="N","","Y") -> Y | D264: R | E264: =IF($A264>$A$1,"",SUMIFS('PURPLE APC'!$K:$K,'PURPLE APC'!$B:$B,$A264)) | G264: =IFERROR((F264-E264)/((E264+F264)/2),"") | H264: =IF($A264>$A$1,"",SUMIFS('PURPLE APC'!$K:$K,'PURPLE APC'!$B:$B,$A264,'PURPLE APC'!$O:$O,H$3)) | I264: =IF($A264>$A$1,"",SUMIFS('PURPLE APC'!$K:$K,'PURPLE APC'!$B:$B,$A264,'PURPLE APC'!$O:$O,I$3)) | J264: =IF($A264>$A$1,"",SUMIFS('PURPLE APC'!$K:$K,'PURPLE APC'!$B:$B,$A264,'PURPLE APC'!$O:$O,J$3)) | K264: =IF($A264>$A$1,"",SUMIFS('PURPLE APC'!$K:$K,'PURPLE APC'!$B:$B,$A264,'PURPLE APC'!$O:$O,K$3)) | L264: =IF($A264>$A$1,"",SUMIFS('PURPLE APC'!$K:$K,'PURPLE APC'!$B:$B,$A264,'PURPLE APC'!$O:$O,L$3)) | M264: =IF($A264>$A$1,"",SUMIFS('PURPLE APC'!$K:$K,'PURPLE APC'!$B:$B,$A264,'PURPLE APC'!$O:$O,M$3)) | N264: =IF($A264>$A$1,"",SUMIFS('PURPLE APC'!$K:$K,'PURPLE APC'!$B:$B,$A264,'PURPLE APC'!$O:$O,N$3)) | O264: =IF($A264>$A$1,"",SUMIFS('PURPLE APC'!$K:$K,'PURPLE APC'!$B:$B,$A264,'PURPLE APC'!$O:$O,O$3)) | ... V264: =IF($A264>$A$1,"",SUMIFS('PURPLE APC'!$K:$K,'PURPLE APC'!$B:$B,$A264,'PURPLE APC'!$O:$O,V$3))
A265: AVERAGE | C265: INCLUDE | E265: =IFERROR(AVERAGEIFS(E$4:E$264,$C$4:$C$264,"Y"),"") -> 725.85246 | F265: =IFERROR(AVERAGEIFS(F$4:F$264,$C$4:$C$264,"Y"),"") -> 1541.4375 | G265: =IFERROR(AVERAGEIFS(G$4:G$264,$C$4:$C$264,"Y"),"") -> -0.24657534 | H265: =IFERROR(AVERAGEIFS(H$4:H$264,$C$4:$C$264,"Y"),"") -> 26.765027 | I265: =IFERROR(AVERAGEIFS(I$4:I$264,$C$4:$C$264,"Y"),"") -> 146.71038 | J265: =IFERROR(AVERAGEIFS(J$4:J$264,$C$4:$C$264,"Y"),"") -> 83.038251 | K265: =IFERROR(AVERAGEIFS(K$4:K$264,$C$4:$C$264,"Y"),"") -> 41.73224 | L265: =IFERROR(AVERAGEIFS(L$4:L$264,$C$4:$C$264,"Y"),"") -> 21.060109 | ... V265: =IFERROR(AVERAGEIFS(V$4:V$264,$C$4:$C$264,"Y"),"") -> 73.508197
A266: 2nd | C266: ="=Y" -> =Y | E266: =E$265-(2*DSTDEV($A$3:$V$264,E2,$C$265:$C$266)) -> -1989.4877 | F266: =F$265-(2*DSTDEV($A$3:$V$264,F2,$C$265:$C$266)) -> 1327.9138 | G266: =G$265-(2*DSTDEV($A$3:$V$264,G2,$C$265:$C$266)) -> -4.24353 | H266: =H$265-(2*DSTDEV($A$3:$V$264,H2,$C$265:$C$266)) -> -74.339303 | I266: =I$265-(2*DSTDEV($A$3:$V$264,I2,$C$265:$C$266)) -> -403.30396 | J266: =J$265-(2*DSTDEV($A$3:$V$264,J2,$C$265:$C$266)) -> -228.81712 | K266: =K$265-(2*DSTDEV($A$3:$V$264,K2,$C$265:$C$266)) -> -115.02037 | L266: =L$265-(2*DSTDEV($A$3:$V$264,L2,$C$265:$C$266)) -> -59.237187 | ... V266: =V$265-(2*DSTDEV($A$3:$V$264,V2,$C$265:$C$266)) -> -201.71949
A267: 98th | E267: =E$265+(2*DSTDEV($A$3:$V$264,E2,$C$265:$C$266)) -> 3441.1926 | F267: =F$265+(2*DSTDEV($A$3:$V$264,F2,$C$265:$C$266)) -> 1754.9612 | G267: =G$265+(2*DSTDEV($A$3:$V$264,G2,$C$265:$C$266)) -> 3.7503794 | H267: =H$265+(2*DSTDEV($A$3:$V$264,H2,$C$265:$C$266)) -> 127.86936 | I267: =I$265+(2*DSTDEV($A$3:$V$264,I2,$C$265:$C$266)) -> 696.72472 | J267: =J$265+(2*DSTDEV($A$3:$V$264,J2,$C$265:$C$266)) -> 394.89363 | K267: =K$265+(2*DSTDEV($A$3:$V$264,K2,$C$265:$C$266)) -> 198.48485 | L267: =L$265+(2*DSTDEV($A$3:$V$264,L2,$C$265:$C$266)) -> 101.35741 | ... V267: =V$265+(2*DSTDEV($A$3:$V$264,V2,$C$265:$C$266)) -> 348.73588
D268: SERVICE | F268: F | G268: Fall | H268: =IFERROR(AVERAGEIFS(H$4:H$264,$D$4:$D$264,$F268,$C$4:$C$264,"Y"),"") -> 0 | I268: =IFERROR(AVERAGEIFS(I$4:I$264,$D$4:$D$264,$F268,$C$4:$C$264,"Y"),"") -> 0 | J268: =IFERROR(AVERAGEIFS(J$4:J$264,$D$4:$D$264,$F268,$C$4:$C$264,"Y"),"") -> 0 | K268: =IFERROR(AVERAGEIFS(K$4:K$264,$D$4:$D$264,$F268,$C$4:$C$264,"Y"),"") -> 0 | L268: =IFERROR(AVERAGEIFS(L$4:L$264,$D$4:$D$264,$F268,$C$4:$C$264,"Y"),"") -> 0 | M268: =IFERROR(AVERAGEIFS(M$4:M$264,$D$4:$D$264,$F268,$C$4:$C$264,"Y"),"") -> 0 | N268: =IFERROR(AVERAGEIFS(N$4:N$264,$D$4:$D$264,$F268,$C$4:$C$264,"Y"),"") -> 0 | O268: =IFERROR(AVERAGEIFS(O$4:O$264,$D$4:$D$264,$F268,$C$4:$C$264,"Y"),"") -> 0 | ... V268: =IFERROR(AVERAGEIFS(V$4:V$264,$D$4:$D$264,$F268,$C$4:$C$264,"Y"),"") -> 0
D269: ="=F" -> =F | F269: F | G269: 98th | H269: =IFERROR(H268+(2*DSTDEV($A$3:$V$264,H$2,$D$268:$D$269)),"") -> 0 | I269: =IFERROR(I268+(2*DSTDEV($A$3:$V$264,I$2,$D$268:$D$269)),"") -> 0 | J269: =IFERROR(J268+(2*DSTDEV($A$3:$V$264,J$2,$D$268:$D$269)),"") -> 0 | K269: =IFERROR(K268+(2*DSTDEV($A$3:$V$264,K$2,$D$268:$D$269)),"") -> 0 | L269: =IFERROR(L268+(2*DSTDEV($A$3:$V$264,L$2,$D$268:$D$269)),"") -> 0 | M269: =IFERROR(M268+(2*DSTDEV($A$3:$V$264,M$2,$D$268:$D$269)),"") -> 0 | N269: =IFERROR(N268+(2*DSTDEV($A$3:$V$264,N$2,$D$268:$D$269)),"") -> 0 | O269: =IFERROR(O268+(2*DSTDEV($A$3:$V$264,O$2,$D$268:$D$269)),"") -> 0 | ... V269: =IFERROR(V268+(2*DSTDEV($A$3:$V$264,V$2,$D$268:$D$269)),"") -> 0
D270: SERVICE | F270: S | G270: Spring | H270: =IFERROR(AVERAGEIFS(H$4:H$264,$D$4:$D$264,$F270,$C$4:$C$264,"Y"),"") -> 61.492958 | I270: =IFERROR(AVERAGEIFS(I$4:I$264,$D$4:$D$264,$F270,$C$4:$C$264,"Y"),"") -> 342.09859 | J270: =IFERROR(AVERAGEIFS(J$4:J$264,$D$4:$D$264,$F270,$C$4:$C$264,"Y"),"") -> 192.1831 | K270: =IFERROR(AVERAGEIFS(K$4:K$264,$D$4:$D$264,$F270,$C$4:$C$264,"Y"),"") -> 96.704225 | L270: =IFERROR(AVERAGEIFS(L$4:L$264,$D$4:$D$264,$F270,$C$4:$C$264,"Y"),"") -> 48.859155 | M270: =IFERROR(AVERAGEIFS(M$4:M$264,$D$4:$D$264,$F270,$C$4:$C$264,"Y"),"") -> 36.802817 | N270: =IFERROR(AVERAGEIFS(N$4:N$264,$D$4:$D$264,$F270,$C$4:$C$264,"Y"),"") -> 24.577465 | O270: =IFERROR(AVERAGEIFS(O$4:O$264,$D$4:$D$264,$F270,$C$4:$C$264,"Y"),"") -> 29.633803 | ... V270: =IFERROR(AVERAGEIFS(V$4:V$264,$D$4:$D$264,$F270,$C$4:$C$264,"Y"),"") -> 170.60563
D271: ="=S" -> =S | F271: S | G271: 98th | H271: =IFERROR(H270+(2*DSTDEV($A$3:$V$264,H$2,$D$268:$D$269)),"") -> 61.492958 | I271: =IFERROR(I270+(2*DSTDEV($A$3:$V$264,I$2,$D$268:$D$269)),"") -> 342.09859 | J271: =IFERROR(J270+(2*DSTDEV($A$3:$V$264,J$2,$D$268:$D$269)),"") -> 192.1831 | K271: =IFERROR(K270+(2*DSTDEV($A$3:$V$264,K$2,$D$268:$D$269)),"") -> 96.704225 | L271: =IFERROR(L270+(2*DSTDEV($A$3:$V$264,L$2,$D$268:$D$269)),"") -> 48.859155 | M271: =IFERROR(M270+(2*DSTDEV($A$3:$V$264,M$2,$D$268:$D$269)),"") -> 36.802817 | N271: =IFERROR(N270+(2*DSTDEV($A$3:$V$264,N$2,$D$268:$D$269)),"") -> 24.577465 | O271: =IFERROR(O270+(2*DSTDEV($A$3:$V$264,O$2,$D$268:$D$269)),"") -> 29.633803 | ... V271: =IFERROR(V270+(2*DSTDEV($A$3:$V$264,V$2,$D$268:$D$269)),"") -> 170.60563
D272: SERVICE | F272: R | G272: Recess | H272: =IFERROR(AVERAGEIFS(H$4:H$264,$D$4:$D$264,$F272,$C$4:$C$264,"Y"),"") -> 10.037736 | I272: =IFERROR(AVERAGEIFS(I$4:I$264,$D$4:$D$264,$F272,$C$4:$C$264,"Y"),"") -> 48.283019 | J272: =IFERROR(AVERAGEIFS(J$4:J$264,$D$4:$D$264,$F272,$C$4:$C$264,"Y"),"") -> 29.264151 | K272: =IFERROR(AVERAGEIFS(K$4:K$264,$D$4:$D$264,$F272,$C$4:$C$264,"Y"),"") -> 14.54717 | L272: =IFERROR(AVERAGEIFS(L$4:L$264,$D$4:$D$264,$F272,$C$4:$C$264,"Y"),"") -> 7.2641509 | M272: =IFERROR(AVERAGEIFS(M$4:M$264,$D$4:$D$264,$F272,$C$4:$C$264,"Y"),"") -> 5.5283019 | N272: =IFERROR(AVERAGEIFS(N$4:N$264,$D$4:$D$264,$F272,$C$4:$C$264,"Y"),"") -> 3.0566038 | O272: =IFERROR(AVERAGEIFS(O$4:O$264,$D$4:$D$264,$F272,$C$4:$C$264,"Y"),"") -> 4.4528302 | ... V272: =IFERROR(AVERAGEIFS(V$4:V$264,$D$4:$D$264,$F272,$C$4:$C$264,"Y"),"") -> 25.264151
D273: ="=R" -> =R | F273: R | G273: 98th | H273: =IFERROR(H272+(2*DSTDEV($A$3:$V$264,H$2,$D$268:$D$269)),"") -> 10.037736 | I273: =IFERROR(I272+(2*DSTDEV($A$3:$V$264,I$2,$D$268:$D$269)),"") -> 48.283019 | J273: =IFERROR(J272+(2*DSTDEV($A$3:$V$264,J$2,$D$268:$D$269)),"") -> 29.264151 | K273: =IFERROR(K272+(2*DSTDEV($A$3:$V$264,K$2,$D$268:$D$269)),"") -> 14.54717 | L273: =IFERROR(L272+(2*DSTDEV($A$3:$V$264,L$2,$D$268:$D$269)),"") -> 7.2641509 | M273: =IFERROR(M272+(2*DSTDEV($A$3:$V$264,M$2,$D$268:$D$269)),"") -> 5.5283019 | N273: =IFERROR(N272+(2*DSTDEV($A$3:$V$264,N$2,$D$268:$D$269)),"") -> 3.0566038 | O273: =IFERROR(O272+(2*DSTDEV($A$3:$V$264,O$2,$D$268:$D$269)),"") -> 4.4528302 | ... V273: =IFERROR(V272+(2*DSTDEV($A$3:$V$264,V$2,$D$268:$D$269)),"") -> 25.264151
D274: SERVICE | F274: C | G274: Commuter | H274: =IFERROR(AVERAGEIFS(H$4:H$264,$D$4:$D$264,$F274,$C$4:$C$264,"Y"),"") -> 0 | I274: =IFERROR(AVERAGEIFS(I$4:I$264,$D$4:$D$264,$F274,$C$4:$C$264,"Y"),"") -> 0 | J274: =IFERROR(AVERAGEIFS(J$4:J$264,$D$4:$D$264,$F274,$C$4:$C$264,"Y"),"") -> 0 | K274: =IFERROR(AVERAGEIFS(K$4:K$264,$D$4:$D$264,$F274,$C$4:$C$264,"Y"),"") -> 0 | L274: =IFERROR(AVERAGEIFS(L$4:L$264,$D$4:$D$264,$F274,$C$4:$C$264,"Y"),"") -> 0 | M274: =IFERROR(AVERAGEIFS(M$4:M$264,$D$4:$D$264,$F274,$C$4:$C$264,"Y"),"") -> 0 | N274: =IFERROR(AVERAGEIFS(N$4:N$264,$D$4:$D$264,$F274,$C$4:$C$264,"Y"),"") -> 0 | O274: =IFERROR(AVERAGEIFS(O$4:O$264,$D$4:$D$264,$F274,$C$4:$C$264,"Y"),"") -> 0 | ... V274: =IFERROR(AVERAGEIFS(V$4:V$264,$D$4:$D$264,$F274,$C$4:$C$264,"Y"),"") -> 0
D275: ="=C" -> =C | F275: C | G275: 98th | H275: =IFERROR(H274+(2*DSTDEV($A$3:$V$264,H$2,$D$268:$D$269)),"") -> 0 | I275: =IFERROR(I274+(2*DSTDEV($A$3:$V$264,I$2,$D$268:$D$269)),"") -> 0 | J275: =IFERROR(J274+(2*DSTDEV($A$3:$V$264,J$2,$D$268:$D$269)),"") -> 0 | K275: =IFERROR(K274+(2*DSTDEV($A$3:$V$264,K$2,$D$268:$D$269)),"") -> 0 | L275: =IFERROR(L274+(2*DSTDEV($A$3:$V$264,L$2,$D$268:$D$269)),"") -> 0 | M275: =IFERROR(M274+(2*DSTDEV($A$3:$V$264,M$2,$D$268:$D$269)),"") -> 0 | N275: =IFERROR(N274+(2*DSTDEV($A$3:$V$264,N$2,$D$268:$D$269)),"") -> 0 | O275: =IFERROR(O274+(2*DSTDEV($A$3:$V$264,O$2,$D$268:$D$269)),"") -> 0 | ... V275: =IFERROR(V274+(2*DSTDEV($A$3:$V$264,V$2,$D$268:$D$269)),"") -> 0
E276: MANUAL | F276: F | G276: AVG | H276: =H268/H$278 -> 0 | I276: =I268/I$278 -> 0 | J276: =J268/J$278 -> 0 | K276: =K268/K$278 -> 0 | L276: =L268/L$278 -> 0 | M276: =M268/M$278 -> 0 | N276: =N268/N$278 -> 0 | O276: =O268/O$278 -> 0 | ... V276: =V268/V$278 -> 0
E277: INPUT | F277: F | G277: 98th | H277: =H269/H$278 -> 0 | I277: =I269/I$278 -> 0 | J277: =J269/J$278 -> 0 | K277: =K269/K$278 -> 0 | L277: =L269/L$278 -> 0 | M277: =M269/M$278 -> 0 | N277: =N269/N$278 -> 0 | O277: =O269/O$278 -> 0 | ... V277: =V269/V$278 -> 0
E278: FOCUS | F278: SERVICE | G278: DRPTRS | H278: 11 | I278: 19 | J278: 19 | K278: 19 | L278: 19 | M278: 19 | N278: 19 | O278: 19 | P278: 19 | Q278: 19 | R278: 19 | S278: 19 | T278: 19 | U278: 19 | V278: 19

Sheet APC Calculations
A1: =TODAY() -> 46146 | C1: TODAY | E1: APC TOTALS | F1: MANUAL TOTALS | G1: RATIO | H1: PURPLE LINE APC BY HOUR
E2: 5 | F2: =E2+1 -> 6 | G2: =F2+1 -> 7 | H2: =G2+1 -> 8 | I2: =H2+1 -> 9 | J2: =I2+1 -> 10 | K2: =J2+1 -> 11 | L2: =K2+1 -> 12 | M2: =L2+1 -> 13 | ... AK2: =AJ2+1 -> 37
A3: Date | C3: INCLUDE | D3: SERVICE | E3: RED | F3: TOTAL | H3: 0.20833333 | I3: 0.22916667 | J3: 0.25 | K3: 0.27083333 | L3: 0.29166667 | M3: 0.3125 | N3: 0.33333333 | O3: 0.35416667 | P3: 0.375 | Q3: 0.39583333 | R3: 0.41666667 | S3: 0.4375 | T3: 0.45833333 | U3: 0.47916667 | V3: 0.5 | W3: 0.52083333 | X3: 0.54166667 | Y3: 0.5625 | Z3: 0.58333333 | AA3: 0.60416667 | AB3: 0.625 | AC3: 0.64583333 | AD3: 0.66666667 | AE3: 0.6875 | AF3: 0.70833333 | AG3: 0.72916667 | AH3: 0.75 | AI3: 0.77083333 | AJ3: 0.79166667 | AK3: 0.8125
A4: 45839 | B4: =WEEKDAY(A4,2) -> 2 | C4: =IF(D4="N","","Y") -> Y | D4: R
A5: =IF(B4=5,A4+3,A4+1) -> 45840 | B5: =WEEKDAY(A5,2) -> 3 | C5: =IF(D5="N","","Y") -> Y | D5: R
A6: =IF(B5=5,A5+3,A5+1) -> 45841 | B6: =WEEKDAY(A6,2) -> 4 | C6: =IF(D6="N","","Y") -> Y | D6: R
A7: =IF(B6=5,A6+3,A6+1) -> 45842 | B7: =WEEKDAY(A7,2) -> 5 | C7: =IF(D7="N","","Y") | D7: N
A8: =IF(B7=5,A7+3,A7+1) -> 45845 | B8: =WEEKDAY(A8,2) -> 1 | C8: =IF(D8="N","","Y") -> Y | D8: R
A9: =IF(B8=5,A8+3,A8+1) -> 45846 | B9: =WEEKDAY(A9,2) -> 2 | C9: =IF(D9="N","","Y") -> Y | D9: R
A10: =IF(B9=5,A9+3,A9+1) -> 45847 | B10: =WEEKDAY(A10,2) -> 3 | C10: =IF(D10="N","","Y") -> Y | D10: R
A11: =IF(B10=5,A10+3,A10+1) -> 45848 | B11: =WEEKDAY(A11,2) -> 4 | C11: =IF(D11="N","","Y") -> Y | D11: R
A12: =IF(B11=5,A11+3,A11+1) -> 45849 | B12: =WEEKDAY(A12,2) -> 5 | C12: =IF(D12="N","","Y") -> Y | D12: R
A13: =IF(B12=5,A12+3,A12+1) -> 45852 | B13: =WEEKDAY(A13,2) -> 1 | C13: =IF(D13="N","","Y") -> Y | D13: R
A14: =IF(B13=5,A13+3,A13+1) -> 45853 | B14: =WEEKDAY(A14,2) -> 2 | C14: =IF(D14="N","","Y") -> Y | D14: R
A15: =IF(B14=5,A14+3,A14+1) -> 45854 | B15: =WEEKDAY(A15,2) -> 3 | C15: =IF(D15="N","","Y") -> Y | D15: R
A16: =IF(B15=5,A15+3,A15+1) -> 45855 | B16: =WEEKDAY(A16,2) -> 4 | C16: =IF(D16="N","","Y") -> Y | D16: R
... A34: =IF(B33=5,A33+3,A33+1) -> 45881 | B34: =WEEKDAY(A34,2) -> 2 | C34: =IF(D34="N","","Y") -> Y | D34: R
A35: =IF(B34=5,A34+3,A34+1) -> 45882 | B35: =WEEKDAY(A35,2) -> 3 | D35: R
A36: =IF(B35=5,A35+3,A35+1) -> 45883 | B36: =WEEKDAY(A36,2) -> 4 | D36: R
A37: =IF(B36=5,A36+3,A36+1) -> 45884 | B37: =WEEKDAY(A37,2) -> 5 | D37: R
A38: =IF(B37=5,A37+3,A37+1) -> 45887 | B38: =WEEKDAY(A38,2) -> 1 | D38: R
A39: =IF(B38=5,A38+3,A38+1) -> 45888 | B39: =WEEKDAY(A39,2) -> 2 | D39: R
A40: =IF(B39=5,A39+3,A39+1) -> 45889 | B40: =WEEKDAY(A40,2) -> 3 | D40: R
A41: =IF(B40=5,A40+3,A40+1) -> 45890 | B41: =WEEKDAY(A41,2) -> 4 | D41: R
A42: =IF(B41=5,A41+3,A41+1) -> 45891 | B42: =WEEKDAY(A42,2) -> 5 | D42: R
A43: =IF(B42=5,A42+3,A42+1) -> 45894 | B43: =WEEKDAY(A43,2) -> 1 | D43: F
A44: =IF(B43=5,A43+3,A43+1) -> 45895 | B44: =WEEKDAY(A44,2) -> 2 | D44: F
A45: =IF(B44=5,A44+3,A44+1) -> 45896 | B45: =WEEKDAY(A45,2) -> 3 | D45: F
A46: =IF(B45=5,A45+3,A45+1) -> 45897 | B46: =WEEKDAY(A46,2) -> 4 | D46: F
A47: =IF(B46=5,A46+3,A46+1) -> 45898 | B47: =WEEKDAY(A47,2) -> 5 | D47: F
A48: =IF(B47=5,A47+3,A47+1) -> 45901 | B48: =WEEKDAY(A48,2) -> 1 | C48: =IF(D48="N","","Y") | D48: N
A49: =IF(B48=5,A48+3,A48+1) -> 45902 | B49: =WEEKDAY(A49,2) -> 2 | D49: F
A50: =IF(B49=5,A49+3,A49+1) -> 45903 | B50: =WEEKDAY(A50,2) -> 3 | D50: F
A51: =IF(B50=5,A50+3,A50+1) -> 45904 | B51: =WEEKDAY(A51,2) -> 4 | D51: F
A52: =IF(B51=5,A51+3,A51+1) -> 45905 | B52: =WEEKDAY(A52,2) -> 5 | D52: F
A53: =IF(B52=5,A52+3,A52+1) -> 45908 | B53: =WEEKDAY(A53,2) -> 1 | D53: F
A54: =IF(B53=5,A53+3,A53+1) -> 45909 | B54: =WEEKDAY(A54,2) -> 2 | D54: F
A55: =IF(B54=5,A54+3,A54+1) -> 45910 | B55: =WEEKDAY(A55,2) -> 3 | D55: F
A56: =IF(B55=5,A55+3,A55+1) -> 45911 | B56: =WEEKDAY(A56,2) -> 4 | C56: Y | D56: F
A57: =IF(B56=5,A56+3,A56+1) -> 45912 | B57: =WEEKDAY(A57,2) -> 5 | C57: Y | D57: F
A58: =IF(B57=5,A57+3,A57+1) -> 45915 | B58: =WEEKDAY(A58,2) -> 1 | C58: Y | D58: F
A59: =IF(B58=5,A58+3,A58+1) -> 45916 | B59: =WEEKDAY(A59,2) -> 2 | C59: Y | D59: F
A60: =IF(B59=5,A59+3,A59+1) -> 45917 | B60: =WEEKDAY(A60,2) -> 3 | C60: Y | D60: F
A61: =IF(B60=5,A60+3,A60+1) -> 45918 | B61: =WEEKDAY(A61,2) -> 4 | C61: Y | D61: F
A62: =IF(B61=5,A61+3,A61+1) -> 45919 | B62: =WEEKDAY(A62,2) -> 5 | C62: Y | D62: F
A63: =IF(B62=5,A62+3,A62+1) -> 45922 | B63: =WEEKDAY(A63,2) -> 1 | C63: Y | D63: F
A64: =IF(B63=5,A63+3,A63+1) -> 45923 | B64: =WEEKDAY(A64,2) -> 2 | C64: =IF(D64="N","","Y") -> Y | D64: F
A65: =IF(B64=5,A64+3,A64+1) -> 45924 | B65: =WEEKDAY(A65,2) -> 3 | C65: =IF(D65="N","","Y") -> Y | D65: F
A66: =IF(B65=5,A65+3,A65+1) -> 45925 | B66: =WEEKDAY(A66,2) -> 4 | C66: =IF(D66="N","","Y") -> Y | D66: F
A67: =IF(B66=5,A66+3,A66+1) -> 45926 | B67: =WEEKDAY(A67,2) -> 5 | D67: F
A68: =IF(B67=5,A67+3,A67+1) -> 45929 | B68: =WEEKDAY(A68,2) -> 1 | C68: =IF(D68="N","","Y") -> Y | D68: F
A69: =IF(B68=5,A68+3,A68+1) -> 45930 | B69: =WEEKDAY(A69,2) -> 2 | C69: =IF(D69="N","","Y") -> Y | D69: F
A70: =IF(B69=5,A69+3,A69+1) -> 45931 | B70: =WEEKDAY(A70,2) -> 3 | C70: =IF(D70="N","","Y") -> Y | D70: F
A71: =IF(B70=5,A70+3,A70+1) -> 45932 | B71: =WEEKDAY(A71,2) -> 4 | C71: =IF(D71="N","","Y") -> Y | D71: F
A72: =IF(B71=5,A71+3,A71+1) -> 45933 | B72: =WEEKDAY(A72,2) -> 5 | C72: =IF(D72="N","","Y") -> Y | D72: F
A73: =IF(B72=5,A72+3,A72+1) -> 45936 | B73: =WEEKDAY(A73,2) -> 1 | C73: =IF(D73="N","","Y") -> Y | D73: F
A74: =IF(B73=5,A73+3,A73+1) -> 45937 | B74: =WEEKDAY(A74,2) -> 2 | C74: =IF(D74="N","","Y") -> Y | D74: F
A75: =IF(B74=5,A74+3,A74+1) -> 45938 | B75: =WEEKDAY(A75,2) -> 3 | C75: =IF(D75="N","","Y") -> Y | D75: F
A76: =IF(B75=5,A75+3,A75+1) -> 45939 | B76: =WEEKDAY(A76,2) -> 4 | C76: =IF(D76="N","","Y") -> Y | D76: F
A77: =IF(B76=5,A76+3,A76+1) -> 45940 | B77: =WEEKDAY(A77,2) -> 5 | C77: =IF(D77="N","","Y") -> Y | D77: F
A78: =IF(B77=5,A77+3,A77+1) -> 45943 | B78: =WEEKDAY(A78,2) -> 1 | C78: =IF(D78="N","","Y") -> Y | D78: F
A79: =IF(B78=5,A78+3,A78+1) -> 45944 | B79: =WEEKDAY(A79,2) -> 2 | C79: =IF(D79="N","","Y") -> Y | D79: F
... A182: =IF(B181=5,A181+3,A181+1) -> 46087 | B182: =WEEKDAY(A182,2) -> 5 | C182: =IF(D182="N","","Y") -> Y | D182: R
A183: =IF(B182=5,A182+3,A182+1) -> 46090 | B183: =WEEKDAY(A183,2) -> 1 | C183: =IF(D183="N","","Y") -> Y | D183: S | E183: =IF($A183>$A$1,"",SUMIFS('PURPLE APC'!$K:$K,'PURPLE APC'!$B:$B,$A183)) -> 3131 | G183: =IFERROR((F183-E183)/((E183+F183)/2),"") -> -2 | H183: =IF($A183>$A$1,"",SUMIFS('PURPLE APC'!$K:$K,'PURPLE APC'!$B:$B,$A183,'PURPLE APC'!$N:$N,H$3)) -> 58 | I183: =IF($A183>$A$1,"",SUMIFS('PURPLE APC'!$K:$K,'PURPLE APC'!$B:$B,$A183,'PURPLE APC'!$N:$N,I$3)) -> 73 | J183: =IF($A183>$A$1,"",SUMIFS('PURPLE APC'!$K:$K,'PURPLE APC'!$B:$B,$A183,'PURPLE APC'!$N:$N,J$3)) -> 295 | K183: =IF($A183>$A$1,"",SUMIFS('PURPLE APC'!$K:$K,'PURPLE APC'!$B:$B,$A183,'PURPLE APC'!$N:$N,K$3)) -> 369 | L183: =IF($A183>$A$1,"",SUMIFS('PURPLE APC'!$K:$K,'PURPLE APC'!$B:$B,$A183,'PURPLE APC'!$N:$N,L$3)) -> 164 | M183: =IF($A183>$A$1,"",SUMIFS('PURPLE APC'!$K:$K,'PURPLE APC'!$B:$B,$A183,'PURPLE APC'!$N:$N,M$3)) -> 166 | N183: =IF($A183>$A$1,"",SUMIFS('PURPLE APC'!$K:$K,'PURPLE APC'!$B:$B,$A183,'PURPLE APC'!$N:$N,N$3)) -> 83 | O183: =IF($A183>$A$1,"",SUMIFS('PURPLE APC'!$K:$K,'PURPLE APC'!$B:$B,$A183,'PURPLE APC'!$N:$N,O$3)) -> 81 | ... AK183: =IF($A183>$A$1,"",SUMIFS('PURPLE APC'!$K:$K,'PURPLE APC'!$B:$B,$A183,'PURPLE APC'!$N:$N,AK$3)) -> 139
A184: =IF(B183=5,A183+3,A183+1) -> 46091 | B184: =WEEKDAY(A184,2) -> 2 | C184: =IF(D184="N","","Y") -> Y | D184: S | E184: =IF($A184>$A$1,"",SUMIFS('PURPLE APC'!$K:$K,'PURPLE APC'!$B:$B,$A184)) -> 3216 | G184: =IFERROR((F184-E184)/((E184+F184)/2),"") -> -2 | H184: =IF($A184>$A$1,"",SUMIFS('PURPLE APC'!$K:$K,'PURPLE APC'!$B:$B,$A184,'PURPLE APC'!$N:$N,H$3)) -> 47 | I184: =IF($A184>$A$1,"",SUMIFS('PURPLE APC'!$K:$K,'PURPLE APC'!$B:$B,$A184,'PURPLE APC'!$N:$N,I$3)) -> 77 | J184: =IF($A184>$A$1,"",SUMIFS('PURPLE APC'!$K:$K,'PURPLE APC'!$B:$B,$A184,'PURPLE APC'!$N:$N,J$3)) -> 277 | K184: =IF($A184>$A$1,"",SUMIFS('PURPLE APC'!$K:$K,'PURPLE APC'!$B:$B,$A184,'PURPLE APC'!$N:$N,K$3)) -> 405 | L184: =IF($A184>$A$1,"",SUMIFS('PURPLE APC'!$K:$K,'PURPLE APC'!$B:$B,$A184,'PURPLE APC'!$N:$N,L$3)) -> 205 | M184: =IF($A184>$A$1,"",SUMIFS('PURPLE APC'!$K:$K,'PURPLE APC'!$B:$B,$A184,'PURPLE APC'!$N:$N,M$3)) -> 175 | N184: =IF($A184>$A$1,"",SUMIFS('PURPLE APC'!$K:$K,'PURPLE APC'!$B:$B,$A184,'PURPLE APC'!$N:$N,N$3)) -> 114 | O184: =IF($A184>$A$1,"",SUMIFS('PURPLE APC'!$K:$K,'PURPLE APC'!$B:$B,$A184,'PURPLE APC'!$N:$N,O$3)) -> 86 | ... AK184: =IF($A184>$A$1,"",SUMIFS('PURPLE APC'!$K:$K,'PURPLE APC'!$B:$B,$A184,'PURPLE APC'!$N:$N,AK$3)) -> 133
A185: =IF(B184=5,A184+3,A184+1) -> 46092 | B185: =WEEKDAY(A185,2) -> 3 | C185: =IF(D185="N","","Y") -> Y | D185: S | E185: =IF($A185>$A$1,"",SUMIFS('PURPLE APC'!$K:$K,'PURPLE APC'!$B:$B,$A185)) -> 3099 | G185: =IFERROR((F185-E185)/((E185+F185)/2),"") -> -2 | H185: =IF($A185>$A$1,"",SUMIFS('PURPLE APC'!$K:$K,'PURPLE APC'!$B:$B,$A185,'PURPLE APC'!$N:$N,H$3)) -> 33 | I185: =IF($A185>$A$1,"",SUMIFS('PURPLE APC'!$K:$K,'PURPLE APC'!$B:$B,$A185,'PURPLE APC'!$N:$N,I$3)) -> 46 | J185: =IF($A185>$A$1,"",SUMIFS('PURPLE APC'!$K:$K,'PURPLE APC'!$B:$B,$A185,'PURPLE APC'!$N:$N,J$3)) -> 240 | K185: =IF($A185>$A$1,"",SUMIFS('PURPLE APC'!$K:$K,'PURPLE APC'!$B:$B,$A185,'PURPLE APC'!$N:$N,K$3)) -> 412 | L185: =IF($A185>$A$1,"",SUMIFS('PURPLE APC'!$K:$K,'PURPLE APC'!$B:$B,$A185,'PURPLE APC'!$N:$N,L$3)) -> 235 | M185: =IF($A185>$A$1,"",SUMIFS('PURPLE APC'!$K:$K,'PURPLE APC'!$B:$B,$A185,'PURPLE APC'!$N:$N,M$3)) -> 151 | N185: =IF($A185>$A$1,"",SUMIFS('PURPLE APC'!$K:$K,'PURPLE APC'!$B:$B,$A185,'PURPLE APC'!$N:$N,N$3)) -> 104 | O185: =IF($A185>$A$1,"",SUMIFS('PURPLE APC'!$K:$K,'PURPLE APC'!$B:$B,$A185,'PURPLE APC'!$N:$N,O$3)) -> 79 | ... AK185: =IF($A185>$A$1,"",SUMIFS('PURPLE APC'!$K:$K,'PURPLE APC'!$B:$B,$A185,'PURPLE APC'!$N:$N,AK$3)) -> 152
A186: =IF(B185=5,A185+3,A185+1) -> 46093 | B186: =WEEKDAY(A186,2) -> 4 | C186: =IF(D186="N","","Y") -> Y | D186: S | E186: =IF($A186>$A$1,"",SUMIFS('PURPLE APC'!$K:$K,'PURPLE APC'!$B:$B,$A186)) -> 3397 | G186: =IFERROR((F186-E186)/((E186+F186)/2),"") -> -2 | H186: =IF($A186>$A$1,"",SUMIFS('PURPLE APC'!$K:$K,'PURPLE APC'!$B:$B,$A186,'PURPLE APC'!$N:$N,H$3)) -> 54 | I186: =IF($A186>$A$1,"",SUMIFS('PURPLE APC'!$K:$K,'PURPLE APC'!$B:$B,$A186,'PURPLE APC'!$N:$N,I$3)) -> 78 | J186: =IF($A186>$A$1,"",SUMIFS('PURPLE APC'!$K:$K,'PURPLE APC'!$B:$B,$A186,'PURPLE APC'!$N:$N,J$3)) -> 263 | K186: =IF($A186>$A$1,"",SUMIFS('PURPLE APC'!$K:$K,'PURPLE APC'!$B:$B,$A186,'PURPLE APC'!$N:$N,K$3)) -> 463 | L186: =IF($A186>$A$1,"",SUMIFS('PURPLE APC'!$K:$K,'PURPLE APC'!$B:$B,$A186,'PURPLE APC'!$N:$N,L$3)) -> 187 | M186: =IF($A186>$A$1,"",SUMIFS('PURPLE APC'!$K:$K,'PURPLE APC'!$B:$B,$A186,'PURPLE APC'!$N:$N,M$3)) -> 194 | N186: =IF($A186>$A$1,"",SUMIFS('PURPLE APC'!$K:$K,'PURPLE APC'!$B:$B,$A186,'PURPLE APC'!$N:$N,N$3)) -> 111 | O186: =IF($A186>$A$1,"",SUMIFS('PURPLE APC'!$K:$K,'PURPLE APC'!$B:$B,$A186,'PURPLE APC'!$N:$N,O$3)) -> 76 | ... AK186: =IF($A186>$A$1,"",SUMIFS('PURPLE APC'!$K:$K,'PURPLE APC'!$B:$B,$A186,'PURPLE APC'!$N:$N,AK$3)) -> 179
A187: =IF(B186=5,A186+3,A186+1) -> 46094 | B187: =WEEKDAY(A187,2) -> 5 | C187: =IF(D187="N","","Y") -> Y | D187: S | E187: =IF($A187>$A$1,"",SUMIFS('PURPLE APC'!$K:$K,'PURPLE APC'!$B:$B,$A187)) -> 2936 | G187: =IFERROR((F187-E187)/((E187+F187)/2),"") -> -2 | H187: =IF($A187>$A$1,"",SUMIFS('PURPLE APC'!$K:$K,'PURPLE APC'!$B:$B,$A187,'PURPLE APC'!$N:$N,H$3)) -> 62 | I187: =IF($A187>$A$1,"",SUMIFS('PURPLE APC'!$K:$K,'PURPLE APC'!$B:$B,$A187,'PURPLE APC'!$N:$N,I$3)) -> 71 | J187: =IF($A187>$A$1,"",SUMIFS('PURPLE APC'!$K:$K,'PURPLE APC'!$B:$B,$A187,'PURPLE APC'!$N:$N,J$3)) -> 226 | K187: =IF($A187>$A$1,"",SUMIFS('PURPLE APC'!$K:$K,'PURPLE APC'!$B:$B,$A187,'PURPLE APC'!$N:$N,K$3)) -> 354 | L187: =IF($A187>$A$1,"",SUMIFS('PURPLE APC'!$K:$K,'PURPLE APC'!$B:$B,$A187,'PURPLE APC'!$N:$N,L$3)) -> 200 | M187: =IF($A187>$A$1,"",SUMIFS('PURPLE APC'!$K:$K,'PURPLE APC'!$B:$B,$A187,'PURPLE APC'!$N:$N,M$3)) -> 163 | N187: =IF($A187>$A$1,"",SUMIFS('PURPLE APC'!$K:$K,'PURPLE APC'!$B:$B,$A187,'PURPLE APC'!$N:$N,N$3)) -> 108 | O187: =IF($A187>$A$1,"",SUMIFS('PURPLE APC'!$K:$K,'PURPLE APC'!$B:$B,$A187,'PURPLE APC'!$N:$N,O$3)) -> 52 | ... AK187: =IF($A187>$A$1,"",SUMIFS('PURPLE APC'!$K:$K,'PURPLE APC'!$B:$B,$A187,'PURPLE APC'!$N:$N,AK$3)) -> 152
A188: =IF(B187=5,A187+3,A187+1) -> 46097 | B188: =WEEKDAY(A188,2) -> 1 | C188: =IF(D188="N","","Y") -> Y | D188: S | E188: =IF($A188>$A$1,"",SUMIFS('PURPLE APC'!$K:$K,'PURPLE APC'!$B:$B,$A188)) -> 3051 | G188: =IFERROR((F188-E188)/((E188+F188)/2),"") -> -2 | H188: =IF($A188>$A$1,"",SUMIFS('PURPLE APC'!$K:$K,'PURPLE APC'!$B:$B,$A188,'PURPLE APC'!$N:$N,H$3)) -> 55 | I188: =IF($A188>$A$1,"",SUMIFS('PURPLE APC'!$K:$K,'PURPLE APC'!$B:$B,$A188,'PURPLE APC'!$N:$N,I$3)) -> 86 | J188: =IF($A188>$A$1,"",SUMIFS('PURPLE APC'!$K:$K,'PURPLE APC'!$B:$B,$A188,'PURPLE APC'!$N:$N,J$3)) -> 236 | K188: =IF($A188>$A$1,"",SUMIFS('PURPLE APC'!$K:$K,'PURPLE APC'!$B:$B,$A188,'PURPLE APC'!$N:$N,K$3)) -> 399 | L188: =IF($A188>$A$1,"",SUMIFS('PURPLE APC'!$K:$K,'PURPLE APC'!$B:$B,$A188,'PURPLE APC'!$N:$N,L$3)) -> 157 | M188: =IF($A188>$A$1,"",SUMIFS('PURPLE APC'!$K:$K,'PURPLE APC'!$B:$B,$A188,'PURPLE APC'!$N:$N,M$3)) -> 179 | N188: =IF($A188>$A$1,"",SUMIFS('PURPLE APC'!$K:$K,'PURPLE APC'!$B:$B,$A188,'PURPLE APC'!$N:$N,N$3)) -> 94 | O188: =IF($A188>$A$1,"",SUMIFS('PURPLE APC'!$K:$K,'PURPLE APC'!$B:$B,$A188,'PURPLE APC'!$N:$N,O$3)) -> 77 | ... AK188: =IF($A188>$A$1,"",SUMIFS('PURPLE APC'!$K:$K,'PURPLE APC'!$B:$B,$A188,'PURPLE APC'!$N:$N,AK$3)) -> 175
A189: =IF(B188=5,A188+3,A188+1) -> 46098 | B189: =WEEKDAY(A189,2) -> 2 | C189: =IF(D189="N","","Y") -> Y | D189: S | E189: =IF($A189>$A$1,"",SUMIFS('PURPLE APC'!$K:$K,'PURPLE APC'!$B:$B,$A189)) -> 3446 | G189: =IFERROR((F189-E189)/((E189+F189)/2),"") -> -2 | H189: =IF($A189>$A$1,"",SUMIFS('PURPLE APC'!$K:$K,'PURPLE APC'!$B:$B,$A189,'PURPLE APC'!$N:$N,H$3)) -> 47 | I189: =IF($A189>$A$1,"",SUMIFS('PURPLE APC'!$K:$K,'PURPLE APC'!$B:$B,$A189,'PURPLE APC'!$N:$N,I$3)) -> 64 | J189: =IF($A189>$A$1,"",SUMIFS('PURPLE APC'!$K:$K,'PURPLE APC'!$B:$B,$A189,'PURPLE APC'!$N:$N,J$3)) -> 304 | K189: =IF($A189>$A$1,"",SUMIFS('PURPLE APC'!$K:$K,'PURPLE APC'!$B:$B,$A189,'PURPLE APC'!$N:$N,K$3)) -> 450 | L189: =IF($A189>$A$1,"",SUMIFS('PURPLE APC'!$K:$K,'PURPLE APC'!$B:$B,$A189,'PURPLE APC'!$N:$N,L$3)) -> 191 | M189: =IF($A189>$A$1,"",SUMIFS('PURPLE APC'!$K:$K,'PURPLE APC'!$B:$B,$A189,'PURPLE APC'!$N:$N,M$3)) -> 205 | N189: =IF($A189>$A$1,"",SUMIFS('PURPLE APC'!$K:$K,'PURPLE APC'!$B:$B,$A189,'PURPLE APC'!$N:$N,N$3)) -> 101 | O189: =IF($A189>$A$1,"",SUMIFS('PURPLE APC'!$K:$K,'PURPLE APC'!$B:$B,$A189,'PURPLE APC'!$N:$N,O$3)) -> 70 | ... AK189: =IF($A189>$A$1,"",SUMIFS('PURPLE APC'!$K:$K,'PURPLE APC'!$B:$B,$A189,'PURPLE APC'!$N:$N,AK$3)) -> 150
A190: =IF(B189=5,A189+3,A189+1) -> 46099 | B190: =WEEKDAY(A190,2) -> 3 | C190: =IF(D190="N","","Y") -> Y | D190: S | E190: =IF($A190>$A$1,"",SUMIFS('PURPLE APC'!$K:$K,'PURPLE APC'!$B:$B,$A190)) -> 3475 | G190: =IFERROR((F190-E190)/((E190+F190)/2),"") -> -2 | H190: =IF($A190>$A$1,"",SUMIFS('PURPLE APC'!$K:$K,'PURPLE APC'!$B:$B,$A190,'PURPLE APC'!$N:$N,H$3)) -> 37 | I190: =IF($A190>$A$1,"",SUMIFS('PURPLE APC'!$K:$K,'PURPLE APC'!$B:$B,$A190,'PURPLE APC'!$N:$N,I$3)) -> 77 | J190: =IF($A190>$A$1,"",SUMIFS('PURPLE APC'!$K:$K,'PURPLE APC'!$B:$B,$A190,'PURPLE APC'!$N:$N,J$3)) -> 255 | K190: =IF($A190>$A$1,"",SUMIFS('PURPLE APC'!$K:$K,'PURPLE APC'!$B:$B,$A190,'PURPLE APC'!$N:$N,K$3)) -> 456 | L190: =IF($A190>$A$1,"",SUMIFS('PURPLE APC'!$K:$K,'PURPLE APC'!$B:$B,$A190,'PURPLE APC'!$N:$N,L$3)) -> 223 | M190: =IF($A190>$A$1,"",SUMIFS('PURPLE APC'!$K:$K,'PURPLE APC'!$B:$B,$A190,'PURPLE APC'!$N:$N,M$3)) -> 191 | N190: =IF($A190>$A$1,"",SUMIFS('PURPLE APC'!$K:$K,'PURPLE APC'!$B:$B,$A190,'PURPLE APC'!$N:$N,N$3)) -> 121 | O190: =IF($A190>$A$1,"",SUMIFS('PURPLE APC'!$K:$K,'PURPLE APC'!$B:$B,$A190,'PURPLE APC'!$N:$N,O$3)) -> 68 | ... AK190: =IF($A190>$A$1,"",SUMIFS('PURPLE APC'!$K:$K,'PURPLE APC'!$B:$B,$A190,'PURPLE APC'!$N:$N,AK$3)) -> 226
A191: =IF(B190=5,A190+3,A190+1) -> 46100 | B191: =WEEKDAY(A191,2) -> 4 | C191: =IF(D191="N","","Y") -> Y | D191: S | E191: =IF($A191>$A$1,"",SUMIFS('PURPLE APC'!$K:$K,'PURPLE APC'!$B:$B,$A191)) -> 3241 | G191: =IFERROR((F191-E191)/((E191+F191)/2),"") -> -2 | H191: =IF($A191>$A$1,"",SUMIFS('PURPLE APC'!$K:$K,'PURPLE APC'!$B:$B,$A191,'PURPLE APC'!$N:$N,H$3)) -> 42 | I191: =IF($A191>$A$1,"",SUMIFS('PURPLE APC'!$K:$K,'PURPLE APC'!$B:$B,$A191,'PURPLE APC'!$N:$N,I$3)) -> 68 | J191: =IF($A191>$A$1,"",SUMIFS('PURPLE APC'!$K:$K,'PURPLE APC'!$B:$B,$A191,'PURPLE APC'!$N:$N,J$3)) -> 250 | K191: =IF($A191>$A$1,"",SUMIFS('PURPLE APC'!$K:$K,'PURPLE APC'!$B:$B,$A191,'PURPLE APC'!$N:$N,K$3)) -> 404 | L191: =IF($A191>$A$1,"",SUMIFS('PURPLE APC'!$K:$K,'PURPLE APC'!$B:$B,$A191,'PURPLE APC'!$N:$N,L$3)) -> 194 | M191: =IF($A191>$A$1,"",SUMIFS('PURPLE APC'!$K:$K,'PURPLE APC'!$B:$B,$A191,'PURPLE APC'!$N:$N,M$3)) -> 200 | N191: =IF($A191>$A$1,"",SUMIFS('PURPLE APC'!$K:$K,'PURPLE APC'!$B:$B,$A191,'PURPLE APC'!$N:$N,N$3)) -> 113 | O191: =IF($A191>$A$1,"",SUMIFS('PURPLE APC'!$K:$K,'PURPLE APC'!$B:$B,$A191,'PURPLE APC'!$N:$N,O$3)) -> 75 | ... AK191: =IF($A191>$A$1,"",SUMIFS('PURPLE APC'!$K:$K,'PURPLE APC'!$B:$B,$A191,'PURPLE APC'!$N:$N,AK$3)) -> 152
A192: =IF(B191=5,A191+3,A191+1) -> 46101 | B192: =WEEKDAY(A192,2) -> 5 | C192: =IF(D192="N","","Y") -> Y | D192: S | E192: =IF($A192>$A$1,"",SUMIFS('PURPLE APC'!$K:$K,'PURPLE APC'!$B:$B,$A192)) -> 2878 | G192: =IFERROR((F192-E192)/((E192+F192)/2),"") -> -2 | H192: =IF($A192>$A$1,"",SUMIFS('PURPLE APC'!$K:$K,'PURPLE APC'!$B:$B,$A192,'PURPLE APC'!$N:$N,H$3)) -> 43 | I192: =IF($A192>$A$1,"",SUMIFS('PURPLE APC'!$K:$K,'PURPLE APC'!$B:$B,$A192,'PURPLE APC'!$N:$N,I$3)) -> 64 | J192: =IF($A192>$A$1,"",SUMIFS('PURPLE APC'!$K:$K,'PURPLE APC'!$B:$B,$A192,'PURPLE APC'!$N:$N,J$3)) -> 224 | K192: =IF($A192>$A$1,"",SUMIFS('PURPLE APC'!$K:$K,'PURPLE APC'!$B:$B,$A192,'PURPLE APC'!$N:$N,K$3)) -> 424 | L192: =IF($A192>$A$1,"",SUMIFS('PURPLE APC'!$K:$K,'PURPLE APC'!$B:$B,$A192,'PURPLE APC'!$N:$N,L$3)) -> 160 | M192: =IF($A192>$A$1,"",SUMIFS('PURPLE APC'!$K:$K,'PURPLE APC'!$B:$B,$A192,'PURPLE APC'!$N:$N,M$3)) -> 122 | N192: =IF($A192>$A$1,"",SUMIFS('PURPLE APC'!$K:$K,'PURPLE APC'!$B:$B,$A192,'PURPLE APC'!$N:$N,N$3)) -> 112 | O192: =IF($A192>$A$1,"",SUMIFS('PURPLE APC'!$K:$K,'PURPLE APC'!$B:$B,$A192,'PURPLE APC'!$N:$N,O$3)) -> 52 | ... AK192: =IF($A192>$A$1,"",SUMIFS('PURPLE APC'!$K:$K,'PURPLE APC'!$B:$B,$A192,'PURPLE APC'!$N:$N,AK$3)) -> 193
